Loaded 500 prompts
 We tsr by 1.10 with replica exchange True
Time 1000.00 swap btwn source 1.10 and target 0.90 accept 1.000 std 1.036
Time 975.98 swap btwn source 1.30 and target 0.90 accept 0.998 std 1.011
Time 887.74 swap btwn source 1.10 and target 0.90 accept 0.974 std 0.935
Time 851.33 swap btwn source 1.30 and target 0.90 accept 0.998 std 0.910
Time 710.47 swap btwn source 1.10 and target 0.90 accept 0.997 std 0.854
Time 648.86 swap btwn source 1.30 and target 0.90 accept 0.993 std 0.851
 We tsr by 1.01 with replica exchange True
Time 1000.00 swap btwn source 1.01 and target 0.99 accept 1.000 std 0.993
Time 975.98 swap btwn source 1.03 and target 0.99 accept 1.000 std 0.968
Time 887.74 swap btwn source 1.01 and target 0.99 accept 1.000 std 0.897
Time 851.33 swap btwn source 1.03 and target 0.99 accept 1.000 std 0.876
Time 710.47 swap btwn source 1.01 and target 0.99 accept 1.000 std 0.848
Time 648.86 swap btwn source 1.03 and target 0.99 accept 1.000 std 0.864
 We tsr by 1.05 with replica exchange True
Time 1000.00 swap btwn source 1.05 and target 0.95 accept 1.000 std 1.012
Time 975.98 swap btwn source 1.15 and target 0.95 accept 1.000 std 0.986
Time 887.74 swap btwn source 1.05 and target 0.95 accept 0.995 std 0.914
Time 851.33 swap btwn source 1.15 and target 0.95 accept 1.000 std 0.892
Time 710.47 swap btwn source 1.05 and target 0.95 accept 0.999 std 0.857
Time 648.86 swap btwn source 1.15 and target 0.95 accept 0.997 std 0.867
 We tsr by 1.10 with replica exchange True
Time 1000.00 swap btwn source 1.10 and target 0.90 accept 1.000 std 1.036
Time 975.98 swap btwn source 1.30 and target 0.90 accept 0.998 std 1.011
Time 887.74 swap btwn source 1.10 and target 0.90 accept 0.979 std 0.937
Time 851.33 swap btwn source 1.30 and target 0.90 accept 0.998 std 0.913
Time 710.47 swap btwn source 1.10 and target 0.90 accept 0.996 std 0.866
Time 648.86 swap btwn source 1.30 and target 0.90 accept 0.988 std 0.868
 We tsr by 1.01 with replica exchange True
Time 1000.00 swap btwn source 1.01 and target 0.99 accept 1.000 std 0.993
Time 975.98 swap btwn source 1.03 and target 0.99 accept 1.000 std 0.969
Time 887.74 swap btwn source 1.01 and target 0.99 accept 1.000 std 0.897
Time 851.33 swap btwn source 1.03 and target 0.99 accept 1.000 std 0.876
Time 710.47 swap btwn source 1.01 and target 0.99 accept 1.000 std 0.847
Time 648.86 swap btwn source 1.03 and target 0.99 accept 1.000 std 0.861
 We tsr by 1.05 with replica exchange True
Time 1000.00 swap btwn source 1.05 and target 0.95 accept 1.000 std 1.013
Time 975.98 swap btwn source 1.15 and target 0.95 accept 1.000 std 0.987
Time 887.74 swap btwn source 1.05 and target 0.95 accept 0.995 std 0.915
Time 851.33 swap btwn source 1.15 and target 0.95 accept 1.000 std 0.893
Time 710.47 swap btwn source 1.05 and target 0.95 accept 0.999 std 0.854
Time 648.86 swap btwn source 1.15 and target 0.95 accept 0.997 std 0.863
 We tsr by 1.10 with replica exchange True
Time 1000.00 swap btwn source 1.10 and target 0.90 accept 1.000 std 1.037
Time 975.98 swap btwn source 1.30 and target 0.90 accept 0.999 std 1.012
Time 887.74 swap btwn source 1.10 and target 0.90 accept 0.982 std 0.928
Time 851.33 swap btwn source 1.30 and target 0.90 accept 0.999 std 0.896
Time 710.47 swap btwn source 1.10 and target 0.90 accept 0.994 std 0.799
Time 648.86 swap btwn source 1.30 and target 0.90 accept 0.986 std 0.770
 We tsr by 1.01 with replica exchange True
Time 1000.00 swap btwn source 1.01 and target 0.99 accept 1.000 std 0.994
Time 975.98 swap btwn source 1.03 and target 0.99 accept 1.000 std 0.970
Time 887.74 swap btwn source 1.01 and target 0.99 accept 1.000 std 0.888
Time 851.33 swap btwn source 1.03 and target 0.99 accept 1.000 std 0.858
Time 710.47 swap btwn source 1.01 and target 0.99 accept 1.000 std 0.775
Time 648.86 swap btwn source 1.03 and target 0.99 accept 0.999 std 0.757
 We tsr by 1.05 with replica exchange True
Time 1000.00 swap btwn source 1.05 and target 0.95 accept 1.000 std 1.014
Time 975.98 swap btwn source 1.15 and target 0.95 accept 1.000 std 0.989
Time 887.74 swap btwn source 1.05 and target 0.95 accept 0.995 std 0.906
Time 851.33 swap btwn source 1.15 and target 0.95 accept 1.000 std 0.875
Time 710.47 swap btwn source 1.05 and target 0.95 accept 0.999 std 0.782
Time 648.86 swap btwn source 1.15 and target 0.95 accept 0.998 std 0.756
 We tsr by 1.10 with replica exchange True
Time 1000.00 swap btwn source 1.10 and target 0.90 accept 1.000 std 1.037
Time 975.98 swap btwn source 1.30 and target 0.90 accept 0.999 std 1.013
Time 887.74 swap btwn source 1.10 and target 0.90 accept 0.982 std 0.933
Time 851.33 swap btwn source 1.30 and target 0.90 accept 0.998 std 0.905
Time 710.47 swap btwn source 1.10 and target 0.90 accept 0.994 std 0.829
Time 648.86 swap btwn source 1.30 and target 0.90 accept 0.985 std 0.813
 We tsr by 1.01 with replica exchange True
Time 1000.00 swap btwn source 1.01 and target 0.99 accept 1.000 std 0.994
Time 975.98 swap btwn source 1.03 and target 0.99 accept 1.000 std 0.970
Time 887.74 swap btwn source 1.01 and target 0.99 accept 1.000 std 0.891
Time 851.33 swap btwn source 1.03 and target 0.99 accept 1.000 std 0.864
Time 710.47 swap btwn source 1.01 and target 0.99 accept 1.000 std 0.795
Time 648.86 swap btwn source 1.03 and target 0.99 accept 0.999 std 0.787
 We tsr by 1.05 with replica exchange True
Time 1000.00 swap btwn source 1.05 and target 0.95 accept 1.000 std 1.013
Time 975.98 swap btwn source 1.15 and target 0.95 accept 1.000 std 0.989
Time 887.74 swap btwn source 1.05 and target 0.95 accept 0.995 std 0.910
Time 851.33 swap btwn source 1.15 and target 0.95 accept 0.999 std 0.882
Time 710.47 swap btwn source 1.05 and target 0.95 accept 0.998 std 0.811
Time 648.86 swap btwn source 1.15 and target 0.95 accept 0.993 std 0.799
 We tsr by 1.10 with replica exchange True
Time 1000.00 swap btwn source 1.10 and target 0.90 accept 1.000 std 1.036
Time 975.98 swap btwn source 1.30 and target 0.90 accept 0.999 std 1.009
Time 887.74 swap btwn source 1.10 and target 0.90 accept 0.981 std 0.926
Time 851.33 swap btwn source 1.30 and target 0.90 accept 0.999 std 0.896
Time 710.47 swap btwn source 1.10 and target 0.90 accept 0.996 std 0.806
Time 648.86 swap btwn source 1.30 and target 0.90 accept 0.991 std 0.782
 We tsr by 1.01 with replica exchange True
Time 1000.00 swap btwn source 1.01 and target 0.99 accept 1.000 std 0.993
Time 975.98 swap btwn source 1.03 and target 0.99 accept 1.000 std 0.967
Time 887.74 swap btwn source 1.01 and target 0.99 accept 1.000 std 0.886
Time 851.33 swap btwn source 1.03 and target 0.99 accept 1.000 std 0.857
Time 710.47 swap btwn source 1.01 and target 0.99 accept 1.000 std 0.779
Time 648.86 swap btwn source 1.03 and target 0.99 accept 1.000 std 0.764
 We tsr by 1.05 with replica exchange True
Time 1000.00 swap btwn source 1.05 and target 0.95 accept 1.000 std 1.012
Time 975.98 swap btwn source 1.15 and target 0.95 accept 1.000 std 0.985
Time 887.74 swap btwn source 1.05 and target 0.95 accept 0.995 std 0.904
Time 851.33 swap btwn source 1.15 and target 0.95 accept 1.000 std 0.875
Time 710.47 swap btwn source 1.05 and target 0.95 accept 0.999 std 0.791
Time 648.86 swap btwn source 1.15 and target 0.95 accept 0.996 std 0.771
 We tsr by 1.10 with replica exchange True
Time 1000.00 swap btwn source 1.10 and target 0.90 accept 1.000 std 1.036
Time 975.98 swap btwn source 1.30 and target 0.90 accept 0.999 std 1.010
Time 887.74 swap btwn source 1.10 and target 0.90 accept 0.980 std 0.927
Time 851.33 swap btwn source 1.30 and target 0.90 accept 0.999 std 0.897
Time 710.47 swap btwn source 1.10 and target 0.90 accept 0.996 std 0.814
Time 648.86 swap btwn source 1.30 and target 0.90 accept 0.990 std 0.795
 We tsr by 1.01 with replica exchange True
Time 1000.00 swap btwn source 1.01 and target 0.99 accept 1.000 std 0.993
Time 975.98 swap btwn source 1.03 and target 0.99 accept 1.000 std 0.967
Time 887.74 swap btwn source 1.01 and target 0.99 accept 1.000 std 0.886
Time 851.33 swap btwn source 1.03 and target 0.99 accept 1.000 std 0.858
Time 710.47 swap btwn source 1.01 and target 0.99 accept 1.000 std 0.789
Time 648.86 swap btwn source 1.03 and target 0.99 accept 1.000 std 0.780
 We tsr by 1.05 with replica exchange True
Time 1000.00 swap btwn source 1.05 and target 0.95 accept 1.000 std 1.012
Time 975.98 swap btwn source 1.15 and target 0.95 accept 1.000 std 0.986
Time 887.74 swap btwn source 1.05 and target 0.95 accept 0.995 std 0.904
Time 851.33 swap btwn source 1.15 and target 0.95 accept 1.000 std 0.875
Time 710.47 swap btwn source 1.05 and target 0.95 accept 0.999 std 0.799
Time 648.86 swap btwn source 1.15 and target 0.95 accept 0.996 std 0.785
 We tsr by 1.10 with replica exchange False
 We tsr by 1.01 with replica exchange False
 We tsr by 1.05 with replica exchange False
 We tsr by 1.10 with replica exchange True
Time 1000.00 swap btwn source 1.10 and target 0.90 accept 1.000 std 1.035
Time 975.98 swap btwn source 1.30 and target 0.90 accept 0.998 std 1.009
Time 887.74 swap btwn source 1.10 and target 0.90 accept 0.983 std 0.928
Time 851.33 swap btwn source 1.30 and target 0.90 accept 0.996 std 0.900
Time 710.47 swap btwn source 1.10 and target 0.90 accept 0.996 std 0.829
Time 648.86 swap btwn source 1.30 and target 0.90 accept 0.982 std 0.816
 We tsr by 1.01 with replica exchange True
Time 1000.00 swap btwn source 1.01 and target 0.99 accept 1.000 std 0.992
Time 975.98 swap btwn source 1.03 and target 0.99 accept 1.000 std 0.966
Time 887.74 swap btwn source 1.01 and target 0.99 accept 1.000 std 0.887
Time 851.33 swap btwn source 1.03 and target 0.99 accept 1.000 std 0.862
Time 710.47 swap btwn source 1.01 and target 0.99 accept 1.000 std 0.806
Time 648.86 swap btwn source 1.03 and target 0.99 accept 0.999 std 0.806
 We tsr by 1.05 with replica exchange True
Time 1000.00 swap btwn source 1.05 and target 0.95 accept 1.000 std 1.012
Time 975.98 swap btwn source 1.15 and target 0.95 accept 0.999 std 0.985
Time 887.74 swap btwn source 1.05 and target 0.95 accept 0.996 std 0.905
Time 851.33 swap btwn source 1.15 and target 0.95 accept 0.999 std 0.879
Time 710.47 swap btwn source 1.05 and target 0.95 accept 0.999 std 0.816
Time 648.86 swap btwn source 1.15 and target 0.95 accept 0.990 std 0.811
 We tsr by 1.10 with replica exchange False
 We tsr by 1.01 with replica exchange False
 We tsr by 1.05 with replica exchange False
 We tsr by 1.10 with replica exchange True
Time 1000.00 swap btwn source 1.10 and target 0.90 accept 1.000 std 1.037
Time 975.98 swap btwn source 1.30 and target 0.90 accept 0.998 std 1.012
Time 887.74 swap btwn source 1.10 and target 0.90 accept 0.978 std 0.933
Time 851.33 swap btwn source 1.30 and target 0.90 accept 0.999 std 0.907
Time 710.47 swap btwn source 1.10 and target 0.90 accept 0.998 std 0.846
Time 648.86 swap btwn source 1.30 and target 0.90 accept 0.993 std 0.839
 We tsr by 1.01 with replica exchange True
Time 1000.00 swap btwn source 1.01 and target 0.99 accept 1.000 std 0.993
Time 975.98 swap btwn source 1.03 and target 0.99 accept 1.000 std 0.969
Time 887.74 swap btwn source 1.01 and target 0.99 accept 1.000 std 0.894
Time 851.33 swap btwn source 1.03 and target 0.99 accept 1.000 std 0.870
Time 710.47 swap btwn source 1.01 and target 0.99 accept 1.000 std 0.822
Time 648.86 swap btwn source 1.03 and target 0.99 accept 1.000 std 0.826
 We tsr by 1.05 with replica exchange True
Time 1000.00 swap btwn source 1.05 and target 0.95 accept 1.000 std 1.013
Time 975.98 swap btwn source 1.15 and target 0.95 accept 1.000 std 0.988
Time 887.74 swap btwn source 1.05 and target 0.95 accept 0.995 std 0.911
Time 851.33 swap btwn source 1.15 and target 0.95 accept 1.000 std 0.886
Time 710.47 swap btwn source 1.05 and target 0.95 accept 0.999 std 0.831
Time 648.86 swap btwn source 1.15 and target 0.95 accept 0.998 std 0.829
 We tsr by 1.10 with replica exchange False
 We tsr by 1.01 with replica exchange False
 We tsr by 1.05 with replica exchange False
 We tsr by 1.10 with replica exchange True
Time 1000.00 swap btwn source 1.10 and target 0.90 accept 1.000 std 1.036
Time 975.98 swap btwn source 1.30 and target 0.90 accept 0.998 std 1.011
Time 887.74 swap btwn source 1.10 and target 0.90 accept 0.982 std 0.927
Time 851.33 swap btwn source 1.30 and target 0.90 accept 0.999 std 0.897
Time 710.47 swap btwn source 1.10 and target 0.90 accept 0.995 std 0.816
Time 648.86 swap btwn source 1.30 and target 0.90 accept 0.988 std 0.796
 We tsr by 1.01 with replica exchange True
Time 1000.00 swap btwn source 1.01 and target 0.99 accept 1.000 std 0.992
Time 975.98 swap btwn source 1.03 and target 0.99 accept 1.000 std 0.967
Time 887.74 swap btwn source 1.01 and target 0.99 accept 1.000 std 0.886
Time 851.33 swap btwn source 1.03 and target 0.99 accept 1.000 std 0.857
Time 710.47 swap btwn source 1.01 and target 0.99 accept 1.000 std 0.776
Time 648.86 swap btwn source 1.03 and target 0.99 accept 1.000 std 0.760
 We tsr by 1.05 with replica exchange True
Time 1000.00 swap btwn source 1.05 and target 0.95 accept 1.000 std 1.012
Time 975.98 swap btwn source 1.15 and target 0.95 accept 1.000 std 0.986
Time 887.74 swap btwn source 1.05 and target 0.95 accept 0.995 std 0.903
Time 851.33 swap btwn source 1.15 and target 0.95 accept 1.000 std 0.874
Time 710.47 swap btwn source 1.05 and target 0.95 accept 0.999 std 0.789
Time 648.86 swap btwn source 1.15 and target 0.95 accept 0.997 std 0.769
 We tsr by 1.10 with replica exchange False
 We tsr by 1.01 with replica exchange False
 We tsr by 1.05 with replica exchange False
 We tsr by 1.10 with replica exchange True
Time 1000.00 swap btwn source 1.10 and target 0.90 accept 1.000 std 1.036
Time 975.98 swap btwn source 1.30 and target 0.90 accept 0.999 std 1.011
Time 887.74 swap btwn source 1.10 and target 0.90 accept 0.982 std 0.929
Time 851.33 swap btwn source 1.30 and target 0.90 accept 0.999 std 0.899
Time 710.47 swap btwn source 1.10 and target 0.90 accept 0.993 std 0.818
Time 648.86 swap btwn source 1.30 and target 0.90 accept 0.986 std 0.799
 We tsr by 1.01 with replica exchange True
Time 1000.00 swap btwn source 1.01 and target 0.99 accept 1.000 std 0.993
Time 975.98 swap btwn source 1.03 and target 0.99 accept 1.000 std 0.968
Time 887.74 swap btwn source 1.01 and target 0.99 accept 1.000 std 0.886
Time 851.33 swap btwn source 1.03 and target 0.99 accept 1.000 std 0.856
Time 710.47 swap btwn source 1.01 and target 0.99 accept 1.000 std 0.776
Time 648.86 swap btwn source 1.03 and target 0.99 accept 0.999 std 0.760
 We tsr by 1.05 with replica exchange True
Time 1000.00 swap btwn source 1.05 and target 0.95 accept 1.000 std 1.013
Time 975.98 swap btwn source 1.15 and target 0.95 accept 1.000 std 0.987
Time 887.74 swap btwn source 1.05 and target 0.95 accept 0.995 std 0.905
Time 851.33 swap btwn source 1.15 and target 0.95 accept 1.000 std 0.875
Time 710.47 swap btwn source 1.05 and target 0.95 accept 0.999 std 0.792
Time 648.86 swap btwn source 1.15 and target 0.95 accept 0.996 std 0.773
 We tsr by 1.10 with replica exchange False
 We tsr by 1.01 with replica exchange False
 We tsr by 1.05 with replica exchange False
 We tsr by 1.10 with replica exchange True
Time 1000.00 swap btwn source 1.10 and target 0.90 accept 1.000 std 1.036
Time 975.98 swap btwn source 1.30 and target 0.90 accept 0.998 std 1.012
Time 887.74 swap btwn source 1.10 and target 0.90 accept 0.977 std 0.938
Time 851.33 swap btwn source 1.30 and target 0.90 accept 0.998 std 0.916
Time 710.47 swap btwn source 1.10 and target 0.90 accept 0.997 std 0.874
Time 648.86 swap btwn source 1.30 and target 0.90 accept 0.993 std 0.878
 We tsr by 1.01 with replica exchange True
Time 1000.00 swap btwn source 1.01 and target 0.99 accept 1.000 std 0.993
Time 975.98 swap btwn source 1.03 and target 0.99 accept 1.000 std 0.968
Time 887.74 swap btwn source 1.01 and target 0.99 accept 1.000 std 0.897
Time 851.33 swap btwn source 1.03 and target 0.99 accept 1.000 std 0.877
Time 710.47 swap btwn source 1.01 and target 0.99 accept 1.000 std 0.856
Time 648.86 swap btwn source 1.03 and target 0.99 accept 1.000 std 0.876
 We tsr by 1.05 with replica exchange True
Time 1000.00 swap btwn source 1.05 and target 0.95 accept 1.000 std 1.013
Time 975.98 swap btwn source 1.15 and target 0.95 accept 0.999 std 0.988
Time 887.74 swap btwn source 1.05 and target 0.95 accept 0.995 std 0.916
Time 851.33 swap btwn source 1.15 and target 0.95 accept 1.000 std 0.895
Time 710.47 swap btwn source 1.05 and target 0.95 accept 0.999 std 0.864
Time 648.86 swap btwn source 1.15 and target 0.95 accept 0.997 std 0.876
 We tsr by 1.10 with replica exchange False
 We tsr by 1.01 with replica exchange False
 We tsr by 1.05 with replica exchange False
 We tsr by 1.10 with replica exchange True
Time 1000.00 swap btwn source 1.10 and target 0.90 accept 1.000 std 1.036
Time 975.98 swap btwn source 1.30 and target 0.90 accept 0.999 std 1.012
Time 887.74 swap btwn source 1.10 and target 0.90 accept 0.980 std 0.931
Time 851.33 swap btwn source 1.30 and target 0.90 accept 0.998 std 0.902
Time 710.47 swap btwn source 1.10 and target 0.90 accept 0.995 std 0.823
Time 648.86 swap btwn source 1.30 and target 0.90 accept 0.989 std 0.805
 We tsr by 1.01 with replica exchange True
Time 1000.00 swap btwn source 1.01 and target 0.99 accept 1.000 std 0.993
Time 975.98 swap btwn source 1.03 and target 0.99 accept 1.000 std 0.969
Time 887.74 swap btwn source 1.01 and target 0.99 accept 1.000 std 0.889
Time 851.33 swap btwn source 1.03 and target 0.99 accept 1.000 std 0.862
Time 710.47 swap btwn source 1.01 and target 0.99 accept 1.000 std 0.797
Time 648.86 swap btwn source 1.03 and target 0.99 accept 1.000 std 0.791
 We tsr by 1.05 with replica exchange True
Time 1000.00 swap btwn source 1.05 and target 0.95 accept 1.000 std 1.013
Time 975.98 swap btwn source 1.15 and target 0.95 accept 1.000 std 0.988
Time 887.74 swap btwn source 1.05 and target 0.95 accept 0.994 std 0.908
Time 851.33 swap btwn source 1.15 and target 0.95 accept 1.000 std 0.879
Time 710.47 swap btwn source 1.05 and target 0.95 accept 0.998 std 0.806
Time 648.86 swap btwn source 1.15 and target 0.95 accept 0.994 std 0.792
 We tsr by 1.10 with replica exchange False
 We tsr by 1.01 with replica exchange False
 We tsr by 1.05 with replica exchange False
 We tsr by 1.10 with replica exchange True
Time 1000.00 swap btwn source 1.10 and target 0.90 accept 1.000 std 1.037
Time 975.98 swap btwn source 1.30 and target 0.90 accept 0.998 std 1.013
Time 887.74 swap btwn source 1.10 and target 0.90 accept 0.977 std 0.941
Time 851.33 swap btwn source 1.30 and target 0.90 accept 0.997 std 0.918
Time 710.47 swap btwn source 1.10 and target 0.90 accept 0.996 std 0.879
Time 648.86 swap btwn source 1.30 and target 0.90 accept 0.986 std 0.885
 We tsr by 1.01 with replica exchange True
Time 1000.00 swap btwn source 1.01 and target 0.99 accept 1.000 std 0.993
Time 975.98 swap btwn source 1.03 and target 0.99 accept 1.000 std 0.970
Time 887.74 swap btwn source 1.01 and target 0.99 accept 1.000 std 0.900
Time 851.33 swap btwn source 1.03 and target 0.99 accept 1.000 std 0.880
Time 710.47 swap btwn source 1.01 and target 0.99 accept 1.000 std 0.860
Time 648.86 swap btwn source 1.03 and target 0.99 accept 0.999 std 0.880
 We tsr by 1.05 with replica exchange True
Time 1000.00 swap btwn source 1.05 and target 0.95 accept 1.000 std 1.013
Time 975.98 swap btwn source 1.15 and target 0.95 accept 1.000 std 0.989
Time 887.74 swap btwn source 1.05 and target 0.95 accept 0.994 std 0.918
Time 851.33 swap btwn source 1.15 and target 0.95 accept 0.999 std 0.897
Time 710.47 swap btwn source 1.05 and target 0.95 accept 0.999 std 0.865
Time 648.86 swap btwn source 1.15 and target 0.95 accept 0.993 std 0.877
 We tsr by 1.10 with replica exchange False
 We tsr by 1.01 with replica exchange False
 We tsr by 1.05 with replica exchange False
 We tsr by 1.10 with replica exchange True
Time 1000.00 swap btwn source 1.10 and target 0.90 accept 1.000 std 1.037
Time 975.98 swap btwn source 1.30 and target 0.90 accept 0.998 std 1.012
Time 887.74 swap btwn source 1.10 and target 0.90 accept 0.979 std 0.936
Time 851.33 swap btwn source 1.30 and target 0.90 accept 0.997 std 0.910
Time 710.47 swap btwn source 1.10 and target 0.90 accept 0.995 std 0.852
Time 648.86 swap btwn source 1.30 and target 0.90 accept 0.986 std 0.847
 We tsr by 1.01 with replica exchange True
Time 1000.00 swap btwn source 1.01 and target 0.99 accept 1.000 std 0.994
Time 975.98 swap btwn source 1.03 and target 0.99 accept 1.000 std 0.969
Time 887.74 swap btwn source 1.01 and target 0.99 accept 1.000 std 0.896
Time 851.33 swap btwn source 1.03 and target 0.99 accept 1.000 std 0.873
Time 710.47 swap btwn source 1.01 and target 0.99 accept 1.000 std 0.838
Time 648.86 swap btwn source 1.03 and target 0.99 accept 0.999 std 0.850
 We tsr by 1.05 with replica exchange True
Time 1000.00 swap btwn source 1.05 and target 0.95 accept 1.000 std 1.013
Time 975.98 swap btwn source 1.15 and target 0.95 accept 0.999 std 0.989
Time 887.74 swap btwn source 1.05 and target 0.95 accept 0.995 std 0.914
Time 851.33 swap btwn source 1.15 and target 0.95 accept 0.999 std 0.891
Time 710.47 swap btwn source 1.05 and target 0.95 accept 0.998 std 0.847
Time 648.86 swap btwn source 1.15 and target 0.95 accept 0.992 std 0.853
 We tsr by 1.10 with replica exchange False
 We tsr by 1.01 with replica exchange False
 We tsr by 1.05 with replica exchange False
 We tsr by 1.10 with replica exchange True
Time 1000.00 swap btwn source 1.10 and target 0.90 accept 1.000 std 1.037
Time 975.98 swap btwn source 1.30 and target 0.90 accept 0.999 std 1.012
Time 887.74 swap btwn source 1.10 and target 0.90 accept 0.982 std 0.929
Time 851.33 swap btwn source 1.30 and target 0.90 accept 0.999 std 0.899
Time 710.47 swap btwn source 1.10 and target 0.90 accept 0.993 std 0.812
Time 648.86 swap btwn source 1.30 and target 0.90 accept 0.984 std 0.790
 We tsr by 1.01 with replica exchange True
Time 1000.00 swap btwn source 1.01 and target 0.99 accept 1.000 std 0.994
Time 975.98 swap btwn source 1.03 and target 0.99 accept 1.000 std 0.969
Time 887.74 swap btwn source 1.01 and target 0.99 accept 1.000 std 0.887
Time 851.33 swap btwn source 1.03 and target 0.99 accept 1.000 std 0.857
Time 710.47 swap btwn source 1.01 and target 0.99 accept 1.000 std 0.776
Time 648.86 swap btwn source 1.03 and target 0.99 accept 0.999 std 0.760
 We tsr by 1.05 with replica exchange True
Time 1000.00 swap btwn source 1.05 and target 0.95 accept 1.000 std 1.014
Time 975.98 swap btwn source 1.15 and target 0.95 accept 1.000 std 0.988
Time 887.74 swap btwn source 1.05 and target 0.95 accept 0.995 std 0.906
Time 851.33 swap btwn source 1.15 and target 0.95 accept 0.999 std 0.877
Time 710.47 swap btwn source 1.05 and target 0.95 accept 0.997 std 0.795
Time 648.86 swap btwn source 1.15 and target 0.95 accept 0.991 std 0.777
 We tsr by 1.10 with replica exchange False
 We tsr by 1.01 with replica exchange False
 We tsr by 1.05 with replica exchange False
 We tsr by 1.10 with replica exchange True
Time 1000.00 swap btwn source 1.10 and target 0.90 accept 1.000 std 1.037
Time 975.98 swap btwn source 1.30 and target 0.90 accept 0.997 std 1.013
Time 887.74 swap btwn source 1.10 and target 0.90 accept 0.983 std 0.936
Time 851.33 swap btwn source 1.30 and target 0.90 accept 0.997 std 0.909
Time 710.47 swap btwn source 1.10 and target 0.90 accept 0.992 std 0.842
Time 648.86 swap btwn source 1.30 and target 0.90 accept 0.970 std 0.832
 We tsr by 1.01 with replica exchange True
Time 1000.00 swap btwn source 1.01 and target 0.99 accept 1.000 std 0.994
Time 975.98 swap btwn source 1.03 and target 0.99 accept 1.000 std 0.970
Time 887.74 swap btwn source 1.01 and target 0.99 accept 1.000 std 0.895
Time 851.33 swap btwn source 1.03 and target 0.99 accept 1.000 std 0.870
Time 710.47 swap btwn source 1.01 and target 0.99 accept 1.000 std 0.814
Time 648.86 swap btwn source 1.03 and target 0.99 accept 0.999 std 0.813
 We tsr by 1.05 with replica exchange True
Time 1000.00 swap btwn source 1.05 and target 0.95 accept 1.000 std 1.013
Time 975.98 swap btwn source 1.15 and target 0.95 accept 0.999 std 0.989
Time 887.74 swap btwn source 1.05 and target 0.95 accept 0.995 std 0.914
Time 851.33 swap btwn source 1.15 and target 0.95 accept 0.999 std 0.888
Time 710.47 swap btwn source 1.05 and target 0.95 accept 0.998 std 0.832
Time 648.86 swap btwn source 1.15 and target 0.95 accept 0.991 std 0.830
 We tsr by 1.10 with replica exchange False
 We tsr by 1.01 with replica exchange False
 We tsr by 1.05 with replica exchange False
 We tsr by 1.10 with replica exchange True
Time 1000.00 swap btwn source 1.10 and target 0.90 accept 1.000 std 1.037
Time 975.98 swap btwn source 1.30 and target 0.90 accept 0.999 std 1.013
Time 887.74 swap btwn source 1.10 and target 0.90 accept 0.980 std 0.933
Time 851.33 swap btwn source 1.30 and target 0.90 accept 0.998 std 0.905
Time 710.47 swap btwn source 1.10 and target 0.90 accept 0.995 std 0.831
Time 648.86 swap btwn source 1.30 and target 0.90 accept 0.987 std 0.816
 We tsr by 1.01 with replica exchange True
Time 1000.00 swap btwn source 1.01 and target 0.99 accept 1.000 std 0.993
Time 975.98 swap btwn source 1.03 and target 0.99 accept 1.000 std 0.969
Time 887.74 swap btwn source 1.01 and target 0.99 accept 1.000 std 0.891
Time 851.33 swap btwn source 1.03 and target 0.99 accept 1.000 std 0.864
Time 710.47 swap btwn source 1.01 and target 0.99 accept 1.000 std 0.801
Time 648.86 swap btwn source 1.03 and target 0.99 accept 0.999 std 0.796
 We tsr by 1.05 with replica exchange True
Time 1000.00 swap btwn source 1.05 and target 0.95 accept 1.000 std 1.013
Time 975.98 swap btwn source 1.15 and target 0.95 accept 0.999 std 0.989
Time 887.74 swap btwn source 1.05 and target 0.95 accept 0.995 std 0.910
Time 851.33 swap btwn source 1.15 and target 0.95 accept 0.999 std 0.882
Time 710.47 swap btwn source 1.05 and target 0.95 accept 0.999 std 0.814
Time 648.86 swap btwn source 1.15 and target 0.95 accept 0.994 std 0.805
 We tsr by 1.10 with replica exchange False
 We tsr by 1.01 with replica exchange False
 We tsr by 1.05 with replica exchange False
 We tsr by 1.10 with replica exchange True
Time 1000.00 swap btwn source 1.10 and target 0.90 accept 1.000 std 1.037
Time 975.98 swap btwn source 1.30 and target 0.90 accept 0.998 std 1.013
Time 887.74 swap btwn source 1.10 and target 0.90 accept 0.980 std 0.935
Time 851.33 swap btwn source 1.30 and target 0.90 accept 0.998 std 0.908
Time 710.47 swap btwn source 1.10 and target 0.90 accept 0.996 std 0.841
Time 648.86 swap btwn source 1.30 and target 0.90 accept 0.986 std 0.830
 We tsr by 1.01 with replica exchange True
Time 1000.00 swap btwn source 1.01 and target 0.99 accept 1.000 std 0.993
Time 975.98 swap btwn source 1.03 and target 0.99 accept 1.000 std 0.969
Time 887.74 swap btwn source 1.01 and target 0.99 accept 1.000 std 0.894
Time 851.33 swap btwn source 1.03 and target 0.99 accept 1.000 std 0.869
Time 710.47 swap btwn source 1.01 and target 0.99 accept 1.000 std 0.817
Time 648.86 swap btwn source 1.03 and target 0.99 accept 0.999 std 0.818
 We tsr by 1.05 with replica exchange True
Time 1000.00 swap btwn source 1.05 and target 0.95 accept 1.000 std 1.013
Time 975.98 swap btwn source 1.15 and target 0.95 accept 1.000 std 0.989
Time 887.74 swap btwn source 1.05 and target 0.95 accept 0.995 std 0.912
Time 851.33 swap btwn source 1.15 and target 0.95 accept 0.999 std 0.886
Time 710.47 swap btwn source 1.05 and target 0.95 accept 0.999 std 0.826
Time 648.86 swap btwn source 1.15 and target 0.95 accept 0.994 std 0.821
 We tsr by 1.10 with replica exchange False
 We tsr by 1.01 with replica exchange False
 We tsr by 1.05 with replica exchange False
 We tsr by 1.10 with replica exchange True
Time 1000.00 swap btwn source 1.10 and target 0.90 accept 1.000 std 1.037
Time 975.98 swap btwn source 1.30 and target 0.90 accept 0.999 std 1.011
Time 887.74 swap btwn source 1.10 and target 0.90 accept 0.983 std 0.927
Time 851.33 swap btwn source 1.30 and target 0.90 accept 0.999 std 0.896
Time 710.47 swap btwn source 1.10 and target 0.90 accept 0.996 std 0.803
Time 648.86 swap btwn source 1.30 and target 0.90 accept 0.987 std 0.775
 We tsr by 1.01 with replica exchange True
Time 1000.00 swap btwn source 1.01 and target 0.99 accept 1.000 std 0.994
Time 975.98 swap btwn source 1.03 and target 0.99 accept 1.000 std 0.969
Time 887.74 swap btwn source 1.01 and target 0.99 accept 1.000 std 0.885
Time 851.33 swap btwn source 1.03 and target 0.99 accept 1.000 std 0.854
Time 710.47 swap btwn source 1.01 and target 0.99 accept 1.000 std 0.760
Time 648.86 swap btwn source 1.03 and target 0.99 accept 0.999 std 0.735
 We tsr by 1.05 with replica exchange True
Time 1000.00 swap btwn source 1.05 and target 0.95 accept 1.000 std 1.013
Time 975.98 swap btwn source 1.15 and target 0.95 accept 1.000 std 0.988
Time 887.74 swap btwn source 1.05 and target 0.95 accept 0.996 std 0.904
Time 851.33 swap btwn source 1.15 and target 0.95 accept 0.999 std 0.873
Time 710.47 swap btwn source 1.05 and target 0.95 accept 0.999 std 0.779
Time 648.86 swap btwn source 1.15 and target 0.95 accept 0.994 std 0.753
 We tsr by 1.10 with replica exchange False
 We tsr by 1.01 with replica exchange False
 We tsr by 1.05 with replica exchange False
 We tsr by 1.10 with replica exchange True
Time 1000.00 swap btwn source 1.10 and target 0.90 accept 1.000 std 1.036
Time 975.98 swap btwn source 1.30 and target 0.90 accept 0.998 std 1.010
Time 887.74 swap btwn source 1.10 and target 0.90 accept 0.983 std 0.927
Time 851.33 swap btwn source 1.30 and target 0.90 accept 0.999 std 0.898
Time 710.47 swap btwn source 1.10 and target 0.90 accept 0.995 std 0.813
Time 648.86 swap btwn source 1.30 and target 0.90 accept 0.986 std 0.792
 We tsr by 1.01 with replica exchange True
Time 1000.00 swap btwn source 1.01 and target 0.99 accept 1.000 std 0.993
Time 975.98 swap btwn source 1.03 and target 0.99 accept 1.000 std 0.967
Time 887.74 swap btwn source 1.01 and target 0.99 accept 1.000 std 0.885
Time 851.33 swap btwn source 1.03 and target 0.99 accept 1.000 std 0.856
Time 710.47 swap btwn source 1.01 and target 0.99 accept 1.000 std 0.776
Time 648.86 swap btwn source 1.03 and target 0.99 accept 1.000 std 0.760
 We tsr by 1.05 with replica exchange True
Time 1000.00 swap btwn source 1.05 and target 0.95 accept 1.000 std 1.012
Time 975.98 swap btwn source 1.15 and target 0.95 accept 1.000 std 0.987
Time 887.74 swap btwn source 1.05 and target 0.95 accept 0.996 std 0.904
Time 851.33 swap btwn source 1.15 and target 0.95 accept 1.000 std 0.875
Time 710.47 swap btwn source 1.05 and target 0.95 accept 0.998 std 0.792
Time 648.86 swap btwn source 1.15 and target 0.95 accept 0.994 std 0.774
 We tsr by 1.10 with replica exchange False
 We tsr by 1.01 with replica exchange False
 We tsr by 1.05 with replica exchange False
 We tsr by 1.10 with replica exchange True
Time 1000.00 swap btwn source 1.10 and target 0.90 accept 1.000 std 1.036
Time 975.98 swap btwn source 1.30 and target 0.90 accept 0.998 std 1.012
Time 887.74 swap btwn source 1.10 and target 0.90 accept 0.975 std 0.937
Time 851.33 swap btwn source 1.30 and target 0.90 accept 0.998 std 0.913
Time 710.47 swap btwn source 1.10 and target 0.90 accept 0.994 std 0.862
Time 648.86 swap btwn source 1.30 and target 0.90 accept 0.993 std 0.860
 We tsr by 1.01 with replica exchange True
Time 1000.00 swap btwn source 1.01 and target 0.99 accept 1.000 std 0.993
Time 975.98 swap btwn source 1.03 and target 0.99 accept 1.000 std 0.969
Time 887.74 swap btwn source 1.01 and target 0.99 accept 1.000 std 0.896
Time 851.33 swap btwn source 1.03 and target 0.99 accept 1.000 std 0.875
Time 710.47 swap btwn source 1.01 and target 0.99 accept 1.000 std 0.834
Time 648.86 swap btwn source 1.03 and target 0.99 accept 0.999 std 0.843
 We tsr by 1.05 with replica exchange True
Time 1000.00 swap btwn source 1.05 and target 0.95 accept 1.000 std 1.013
Time 975.98 swap btwn source 1.15 and target 0.95 accept 1.000 std 0.988
Time 887.74 swap btwn source 1.05 and target 0.95 accept 0.994 std 0.913
Time 851.33 swap btwn source 1.15 and target 0.95 accept 1.000 std 0.888
Time 710.47 swap btwn source 1.05 and target 0.95 accept 0.999 std 0.835
Time 648.86 swap btwn source 1.15 and target 0.95 accept 0.997 std 0.834
 We tsr by 1.10 with replica exchange False
 We tsr by 1.01 with replica exchange False
 We tsr by 1.05 with replica exchange False
 We tsr by 1.10 with replica exchange True
Time 1000.00 swap btwn source 1.10 and target 0.90 accept 1.000 std 1.035
Time 975.98 swap btwn source 1.30 and target 0.90 accept 0.998 std 1.010
Time 887.74 swap btwn source 1.10 and target 0.90 accept 0.981 std 0.932
Time 851.33 swap btwn source 1.30 and target 0.90 accept 0.996 std 0.906
Time 710.47 swap btwn source 1.10 and target 0.90 accept 0.998 std 0.848
Time 648.86 swap btwn source 1.30 and target 0.90 accept 0.982 std 0.844
 We tsr by 1.01 with replica exchange True
Time 1000.00 swap btwn source 1.01 and target 0.99 accept 1.000 std 0.992
Time 975.98 swap btwn source 1.03 and target 0.99 accept 1.000 std 0.967
Time 887.74 swap btwn source 1.01 and target 0.99 accept 1.000 std 0.894
Time 851.33 swap btwn source 1.03 and target 0.99 accept 1.000 std 0.871
Time 710.47 swap btwn source 1.01 and target 0.99 accept 1.000 std 0.835
Time 648.86 swap btwn source 1.03 and target 0.99 accept 0.999 std 0.846
 We tsr by 1.05 with replica exchange True
Time 1000.00 swap btwn source 1.05 and target 0.95 accept 1.000 std 1.011
Time 975.98 swap btwn source 1.15 and target 0.95 accept 1.000 std 0.986
Time 887.74 swap btwn source 1.05 and target 0.95 accept 0.995 std 0.911
Time 851.33 swap btwn source 1.15 and target 0.95 accept 0.999 std 0.887
Time 710.47 swap btwn source 1.05 and target 0.95 accept 0.999 std 0.843
Time 648.86 swap btwn source 1.15 and target 0.95 accept 0.992 std 0.848
 We tsr by 1.10 with replica exchange False
 We tsr by 1.01 with replica exchange False
 We tsr by 1.05 with replica exchange False
 We tsr by 1.10 with replica exchange True
Time 1000.00 swap btwn source 1.10 and target 0.90 accept 1.000 std 1.037
Time 975.98 swap btwn source 1.30 and target 0.90 accept 0.999 std 1.011
Time 887.74 swap btwn source 1.10 and target 0.90 accept 0.982 std 0.925
Time 851.33 swap btwn source 1.30 and target 0.90 accept 0.998 std 0.894
Time 710.47 swap btwn source 1.10 and target 0.90 accept 0.995 std 0.803
Time 648.86 swap btwn source 1.30 and target 0.90 accept 0.985 std 0.778
 We tsr by 1.01 with replica exchange True
Time 1000.00 swap btwn source 1.01 and target 0.99 accept 1.000 std 0.993
Time 975.98 swap btwn source 1.03 and target 0.99 accept 1.000 std 0.968
Time 887.74 swap btwn source 1.01 and target 0.99 accept 1.000 std 0.884
Time 851.33 swap btwn source 1.03 and target 0.99 accept 1.000 std 0.854
Time 710.47 swap btwn source 1.01 and target 0.99 accept 1.000 std 0.770
Time 648.86 swap btwn source 1.03 and target 0.99 accept 0.999 std 0.752
 We tsr by 1.05 with replica exchange True
Time 1000.00 swap btwn source 1.05 and target 0.95 accept 1.000 std 1.013
Time 975.98 swap btwn source 1.15 and target 0.95 accept 1.000 std 0.987
Time 887.74 swap btwn source 1.05 and target 0.95 accept 0.996 std 0.902
Time 851.33 swap btwn source 1.15 and target 0.95 accept 0.999 std 0.871
Time 710.47 swap btwn source 1.05 and target 0.95 accept 0.999 std 0.785
Time 648.86 swap btwn source 1.15 and target 0.95 accept 0.994 std 0.764
 We tsr by 1.10 with replica exchange False
 We tsr by 1.01 with replica exchange False
 We tsr by 1.05 with replica exchange False
 We tsr by 1.10 with replica exchange True
Time 1000.00 swap btwn source 1.10 and target 0.90 accept 1.000 std 1.037
Time 975.98 swap btwn source 1.30 and target 0.90 accept 0.999 std 1.011
Time 887.74 swap btwn source 1.10 and target 0.90 accept 0.980 std 0.929
Time 851.33 swap btwn source 1.30 and target 0.90 accept 0.999 std 0.899
Time 710.47 swap btwn source 1.10 and target 0.90 accept 0.995 std 0.815
Time 648.86 swap btwn source 1.30 and target 0.90 accept 0.986 std 0.795
 We tsr by 1.01 with replica exchange True
Time 1000.00 swap btwn source 1.01 and target 0.99 accept 1.000 std 0.993
Time 975.98 swap btwn source 1.03 and target 0.99 accept 1.000 std 0.968
Time 887.74 swap btwn source 1.01 and target 0.99 accept 1.000 std 0.887
Time 851.33 swap btwn source 1.03 and target 0.99 accept 1.000 std 0.858
Time 710.47 swap btwn source 1.01 and target 0.99 accept 1.000 std 0.779
Time 648.86 swap btwn source 1.03 and target 0.99 accept 0.999 std 0.764
 We tsr by 1.05 with replica exchange True
Time 1000.00 swap btwn source 1.05 and target 0.95 accept 1.000 std 1.013
Time 975.98 swap btwn source 1.15 and target 0.95 accept 1.000 std 0.987
Time 887.74 swap btwn source 1.05 and target 0.95 accept 0.995 std 0.905
Time 851.33 swap btwn source 1.15 and target 0.95 accept 1.000 std 0.876
Time 710.47 swap btwn source 1.05 and target 0.95 accept 0.998 std 0.793
Time 648.86 swap btwn source 1.15 and target 0.95 accept 0.993 std 0.775
 We tsr by 1.10 with replica exchange False
 We tsr by 1.01 with replica exchange False
 We tsr by 1.05 with replica exchange False
 We tsr by 1.10 with replica exchange True
Time 1000.00 swap btwn source 1.10 and target 0.90 accept 1.000 std 1.037
Time 975.98 swap btwn source 1.30 and target 0.90 accept 0.998 std 1.013
Time 887.74 swap btwn source 1.10 and target 0.90 accept 0.980 std 0.936
Time 851.33 swap btwn source 1.30 and target 0.90 accept 0.998 std 0.911
Time 710.47 swap btwn source 1.10 and target 0.90 accept 0.996 std 0.849
Time 648.86 swap btwn source 1.30 and target 0.90 accept 0.986 std 0.841
 We tsr by 1.01 with replica exchange True
Time 1000.00 swap btwn source 1.01 and target 0.99 accept 1.000 std 0.994
Time 975.98 swap btwn source 1.03 and target 0.99 accept 1.000 std 0.970
Time 887.74 swap btwn source 1.01 and target 0.99 accept 1.000 std 0.894
Time 851.33 swap btwn source 1.03 and target 0.99 accept 1.000 std 0.870
Time 710.47 swap btwn source 1.01 and target 0.99 accept 1.000 std 0.822
Time 648.86 swap btwn source 1.03 and target 0.99 accept 0.999 std 0.825
 We tsr by 1.05 with replica exchange True
Time 1000.00 swap btwn source 1.05 and target 0.95 accept 1.000 std 1.013
Time 975.98 swap btwn source 1.15 and target 0.95 accept 1.000 std 0.989
Time 887.74 swap btwn source 1.05 and target 0.95 accept 0.994 std 0.913
Time 851.33 swap btwn source 1.15 and target 0.95 accept 0.999 std 0.888
Time 710.47 swap btwn source 1.05 and target 0.95 accept 0.998 std 0.832
Time 648.86 swap btwn source 1.15 and target 0.95 accept 0.993 std 0.828
 We tsr by 1.10 with replica exchange False
 We tsr by 1.01 with replica exchange False
 We tsr by 1.05 with replica exchange False
 We tsr by 1.10 with replica exchange True
Time 1000.00 swap btwn source 1.10 and target 0.90 accept 1.000 std 1.036
Time 975.98 swap btwn source 1.30 and target 0.90 accept 0.999 std 1.011
Time 887.74 swap btwn source 1.10 and target 0.90 accept 0.981 std 0.928
Time 851.33 swap btwn source 1.30 and target 0.90 accept 0.995 std 0.899
Time 710.47 swap btwn source 1.10 and target 0.90 accept 0.995 std 0.819
Time 648.86 swap btwn source 1.30 and target 0.90 accept 0.987 std 0.801
 We tsr by 1.01 with replica exchange True
Time 1000.00 swap btwn source 1.01 and target 0.99 accept 1.000 std 0.993
Time 975.98 swap btwn source 1.03 and target 0.99 accept 1.000 std 0.967
Time 887.74 swap btwn source 1.01 and target 0.99 accept 0.999 std 0.889
Time 851.33 swap btwn source 1.03 and target 0.99 accept 1.000 std 0.863
Time 710.47 swap btwn source 1.01 and target 0.99 accept 1.000 std 0.806
Time 648.86 swap btwn source 1.03 and target 0.99 accept 0.998 std 0.804
 We tsr by 1.05 with replica exchange True
Time 1000.00 swap btwn source 1.05 and target 0.95 accept 1.000 std 1.012
Time 975.98 swap btwn source 1.15 and target 0.95 accept 1.000 std 0.987
Time 887.74 swap btwn source 1.05 and target 0.95 accept 0.995 std 0.908
Time 851.33 swap btwn source 1.15 and target 0.95 accept 0.998 std 0.881
Time 710.47 swap btwn source 1.05 and target 0.95 accept 0.998 std 0.818
Time 648.86 swap btwn source 1.15 and target 0.95 accept 0.985 std 0.812
 We tsr by 1.10 with replica exchange False
 We tsr by 1.01 with replica exchange False
 We tsr by 1.05 with replica exchange False
 We tsr by 1.10 with replica exchange True
Time 1000.00 swap btwn source 1.10 and target 0.90 accept 1.000 std 1.036
Time 975.98 swap btwn source 1.30 and target 0.90 accept 0.998 std 1.013
Time 887.74 swap btwn source 1.10 and target 0.90 accept 0.980 std 0.936
Time 851.33 swap btwn source 1.30 and target 0.90 accept 0.999 std 0.910
Time 710.47 swap btwn source 1.10 and target 0.90 accept 0.998 std 0.848
Time 648.86 swap btwn source 1.30 and target 0.90 accept 0.992 std 0.842
 We tsr by 1.01 with replica exchange True
Time 1000.00 swap btwn source 1.01 and target 0.99 accept 1.000 std 0.993
Time 975.98 swap btwn source 1.03 and target 0.99 accept 1.000 std 0.970
Time 887.74 swap btwn source 1.01 and target 0.99 accept 1.000 std 0.896
Time 851.33 swap btwn source 1.03 and target 0.99 accept 1.000 std 0.872
Time 710.47 swap btwn source 1.01 and target 0.99 accept 1.000 std 0.820
Time 648.86 swap btwn source 1.03 and target 0.99 accept 1.000 std 0.822
 We tsr by 1.05 with replica exchange True
Time 1000.00 swap btwn source 1.05 and target 0.95 accept 1.000 std 1.013
Time 975.98 swap btwn source 1.15 and target 0.95 accept 1.000 std 0.989
Time 887.74 swap btwn source 1.05 and target 0.95 accept 0.995 std 0.914
Time 851.33 swap btwn source 1.15 and target 0.95 accept 1.000 std 0.889
Time 710.47 swap btwn source 1.05 and target 0.95 accept 0.999 std 0.833
Time 648.86 swap btwn source 1.15 and target 0.95 accept 0.997 std 0.831
 We tsr by 1.10 with replica exchange False
 We tsr by 1.01 with replica exchange False
 We tsr by 1.05 with replica exchange False
 We tsr by 1.10 with replica exchange True
Time 1000.00 swap btwn source 1.10 and target 0.90 accept 1.000 std 1.037
Time 975.98 swap btwn source 1.30 and target 0.90 accept 0.999 std 1.013
Time 887.74 swap btwn source 1.10 and target 0.90 accept 0.981 std 0.933
Time 851.33 swap btwn source 1.30 and target 0.90 accept 0.997 std 0.906
Time 710.47 swap btwn source 1.10 and target 0.90 accept 0.995 std 0.834
Time 648.86 swap btwn source 1.30 and target 0.90 accept 0.984 std 0.821
 We tsr by 1.01 with replica exchange True
Time 1000.00 swap btwn source 1.01 and target 0.99 accept 1.000 std 0.994
Time 975.98 swap btwn source 1.03 and target 0.99 accept 1.000 std 0.969
Time 887.74 swap btwn source 1.01 and target 0.99 accept 1.000 std 0.892
Time 851.33 swap btwn source 1.03 and target 0.99 accept 1.000 std 0.866
Time 710.47 swap btwn source 1.01 and target 0.99 accept 1.000 std 0.807
Time 648.86 swap btwn source 1.03 and target 0.99 accept 0.999 std 0.804
 We tsr by 1.05 with replica exchange True
Time 1000.00 swap btwn source 1.05 and target 0.95 accept 1.000 std 1.013
Time 975.98 swap btwn source 1.15 and target 0.95 accept 1.000 std 0.989
Time 887.74 swap btwn source 1.05 and target 0.95 accept 0.996 std 0.909
Time 851.33 swap btwn source 1.15 and target 0.95 accept 0.998 std 0.882
Time 710.47 swap btwn source 1.05 and target 0.95 accept 0.999 std 0.814
Time 648.86 swap btwn source 1.15 and target 0.95 accept 0.990 std 0.805
 We tsr by 1.10 with replica exchange False
 We tsr by 1.01 with replica exchange False
 We tsr by 1.05 with replica exchange False
 We tsr by 1.10 with replica exchange True
Time 1000.00 swap btwn source 1.10 and target 0.90 accept 1.000 std 1.035
Time 975.98 swap btwn source 1.30 and target 0.90 accept 0.998 std 1.010
Time 887.74 swap btwn source 1.10 and target 0.90 accept 0.980 std 0.931
Time 851.33 swap btwn source 1.30 and target 0.90 accept 0.999 std 0.904
Time 710.47 swap btwn source 1.10 and target 0.90 accept 0.995 std 0.836
Time 648.86 swap btwn source 1.30 and target 0.90 accept 0.990 std 0.826
 We tsr by 1.01 with replica exchange True
Time 1000.00 swap btwn source 1.01 and target 0.99 accept 1.000 std 0.992
Time 975.98 swap btwn source 1.03 and target 0.99 accept 1.000 std 0.967
Time 887.74 swap btwn source 1.01 and target 0.99 accept 1.000 std 0.891
Time 851.33 swap btwn source 1.03 and target 0.99 accept 1.000 std 0.865
Time 710.47 swap btwn source 1.01 and target 0.99 accept 1.000 std 0.808
Time 648.86 swap btwn source 1.03 and target 0.99 accept 1.000 std 0.806
 We tsr by 1.05 with replica exchange True
Time 1000.00 swap btwn source 1.05 and target 0.95 accept 1.000 std 1.012
Time 975.98 swap btwn source 1.15 and target 0.95 accept 1.000 std 0.986
Time 887.74 swap btwn source 1.05 and target 0.95 accept 0.995 std 0.908
Time 851.33 swap btwn source 1.15 and target 0.95 accept 1.000 std 0.882
Time 710.47 swap btwn source 1.05 and target 0.95 accept 0.998 std 0.821
Time 648.86 swap btwn source 1.15 and target 0.95 accept 0.995 std 0.816
 We tsr by 1.10 with replica exchange False
 We tsr by 1.01 with replica exchange False
 We tsr by 1.05 with replica exchange False
 We tsr by 1.10 with replica exchange True
Time 1000.00 swap btwn source 1.10 and target 0.90 accept 1.000 std 1.035
Time 975.98 swap btwn source 1.30 and target 0.90 accept 0.998 std 1.010
Time 887.74 swap btwn source 1.10 and target 0.90 accept 0.981 std 0.931
Time 851.33 swap btwn source 1.30 and target 0.90 accept 0.999 std 0.904
Time 710.47 swap btwn source 1.10 and target 0.90 accept 0.996 std 0.845
Time 648.86 swap btwn source 1.30 and target 0.90 accept 0.988 std 0.839
 We tsr by 1.01 with replica exchange True
Time 1000.00 swap btwn source 1.01 and target 0.99 accept 1.000 std 0.993
Time 975.98 swap btwn source 1.03 and target 0.99 accept 1.000 std 0.967
Time 887.74 swap btwn source 1.01 and target 0.99 accept 1.000 std 0.889
Time 851.33 swap btwn source 1.03 and target 0.99 accept 1.000 std 0.865
Time 710.47 swap btwn source 1.01 and target 0.99 accept 1.000 std 0.816
Time 648.86 swap btwn source 1.03 and target 0.99 accept 1.000 std 0.820
 We tsr by 1.05 with replica exchange True
Time 1000.00 swap btwn source 1.05 and target 0.95 accept 1.000 std 1.012
Time 975.98 swap btwn source 1.15 and target 0.95 accept 0.999 std 0.986
Time 887.74 swap btwn source 1.05 and target 0.95 accept 0.995 std 0.908
Time 851.33 swap btwn source 1.15 and target 0.95 accept 1.000 std 0.882
Time 710.47 swap btwn source 1.05 and target 0.95 accept 0.999 std 0.830
Time 648.86 swap btwn source 1.15 and target 0.95 accept 0.996 std 0.829
 We tsr by 1.10 with replica exchange False
 We tsr by 1.01 with replica exchange False
 We tsr by 1.05 with replica exchange False
 We tsr by 1.10 with replica exchange True
Time 1000.00 swap btwn source 1.10 and target 0.90 accept 1.000 std 1.037
Time 975.98 swap btwn source 1.30 and target 0.90 accept 0.999 std 1.013
Time 887.74 swap btwn source 1.10 and target 0.90 accept 0.976 std 0.934
Time 851.33 swap btwn source 1.30 and target 0.90 accept 0.998 std 0.908
Time 710.47 swap btwn source 1.10 and target 0.90 accept 0.992 std 0.848
Time 648.86 swap btwn source 1.30 and target 0.90 accept 0.981 std 0.841
 We tsr by 1.01 with replica exchange True
Time 1000.00 swap btwn source 1.01 and target 0.99 accept 1.000 std 0.994
Time 975.98 swap btwn source 1.03 and target 0.99 accept 1.000 std 0.969
Time 887.74 swap btwn source 1.01 and target 0.99 accept 1.000 std 0.895
Time 851.33 swap btwn source 1.03 and target 0.99 accept 1.000 std 0.872
Time 710.47 swap btwn source 1.01 and target 0.99 accept 1.000 std 0.836
Time 648.86 swap btwn source 1.03 and target 0.99 accept 0.999 std 0.848
 We tsr by 1.05 with replica exchange True
Time 1000.00 swap btwn source 1.05 and target 0.95 accept 1.000 std 1.013
Time 975.98 swap btwn source 1.15 and target 0.95 accept 0.999 std 0.989
Time 887.74 swap btwn source 1.05 and target 0.95 accept 0.994 std 0.912
Time 851.33 swap btwn source 1.15 and target 0.95 accept 1.000 std 0.887
Time 710.47 swap btwn source 1.05 and target 0.95 accept 0.997 std 0.838
Time 648.86 swap btwn source 1.15 and target 0.95 accept 0.992 std 0.841
 We tsr by 1.10 with replica exchange False
 We tsr by 1.01 with replica exchange False
 We tsr by 1.05 with replica exchange False
 We tsr by 1.10 with replica exchange True
Time 1000.00 swap btwn source 1.10 and target 0.90 accept 1.000 std 1.037
Time 975.98 swap btwn source 1.30 and target 0.90 accept 0.999 std 1.012
Time 887.74 swap btwn source 1.10 and target 0.90 accept 0.977 std 0.934
Time 851.33 swap btwn source 1.30 and target 0.90 accept 0.998 std 0.907
Time 710.47 swap btwn source 1.10 and target 0.90 accept 0.996 std 0.844
Time 648.86 swap btwn source 1.30 and target 0.90 accept 0.989 std 0.836
 We tsr by 1.01 with replica exchange True
Time 1000.00 swap btwn source 1.01 and target 0.99 accept 1.000 std 0.993
Time 975.98 swap btwn source 1.03 and target 0.99 accept 1.000 std 0.967
Time 887.74 swap btwn source 1.01 and target 0.99 accept 1.000 std 0.892
Time 851.33 swap btwn source 1.03 and target 0.99 accept 1.000 std 0.867
Time 710.47 swap btwn source 1.01 and target 0.99 accept 1.000 std 0.818
Time 648.86 swap btwn source 1.03 and target 0.99 accept 0.999 std 0.821
 We tsr by 1.05 with replica exchange True
Time 1000.00 swap btwn source 1.05 and target 0.95 accept 1.000 std 1.013
Time 975.98 swap btwn source 1.15 and target 0.95 accept 0.999 std 0.987
Time 887.74 swap btwn source 1.05 and target 0.95 accept 0.995 std 0.911
Time 851.33 swap btwn source 1.15 and target 0.95 accept 1.000 std 0.885
Time 710.47 swap btwn source 1.05 and target 0.95 accept 0.998 std 0.831
Time 648.86 swap btwn source 1.15 and target 0.95 accept 0.995 std 0.830
 We tsr by 1.10 with replica exchange False
 We tsr by 1.01 with replica exchange False
 We tsr by 1.05 with replica exchange False
 We tsr by 1.10 with replica exchange True
Time 1000.00 swap btwn source 1.10 and target 0.90 accept 1.000 std 1.037
Time 975.98 swap btwn source 1.30 and target 0.90 accept 0.998 std 1.011
Time 887.74 swap btwn source 1.10 and target 0.90 accept 0.985 std 0.933
Time 851.33 swap btwn source 1.30 and target 0.90 accept 0.994 std 0.907
Time 710.47 swap btwn source 1.10 and target 0.90 accept 0.994 std 0.848
Time 648.86 swap btwn source 1.30 and target 0.90 accept 0.961 std 0.843
 We tsr by 1.01 with replica exchange True
Time 1000.00 swap btwn source 1.01 and target 0.99 accept 1.000 std 0.993
Time 975.98 swap btwn source 1.03 and target 0.99 accept 1.000 std 0.968
Time 887.74 swap btwn source 1.01 and target 0.99 accept 1.000 std 0.888
Time 851.33 swap btwn source 1.03 and target 0.99 accept 1.000 std 0.861
Time 710.47 swap btwn source 1.01 and target 0.99 accept 1.000 std 0.802
Time 648.86 swap btwn source 1.03 and target 0.99 accept 0.998 std 0.800
 We tsr by 1.05 with replica exchange True
Time 1000.00 swap btwn source 1.05 and target 0.95 accept 1.000 std 1.013
Time 975.98 swap btwn source 1.15 and target 0.95 accept 0.999 std 0.987
Time 887.74 swap btwn source 1.05 and target 0.95 accept 0.996 std 0.909
Time 851.33 swap btwn source 1.15 and target 0.95 accept 0.998 std 0.884
Time 710.47 swap btwn source 1.05 and target 0.95 accept 0.997 std 0.829
Time 648.86 swap btwn source 1.15 and target 0.95 accept 0.982 std 0.828
 We tsr by 1.10 with replica exchange False
 We tsr by 1.01 with replica exchange False
 We tsr by 1.05 with replica exchange False
 We tsr by 1.10 with replica exchange True
Time 1000.00 swap btwn source 1.10 and target 0.90 accept 1.000 std 1.037
Time 975.98 swap btwn source 1.30 and target 0.90 accept 0.999 std 1.011
Time 887.74 swap btwn source 1.10 and target 0.90 accept 0.981 std 0.929
Time 851.33 swap btwn source 1.30 and target 0.90 accept 0.997 std 0.901
Time 710.47 swap btwn source 1.10 and target 0.90 accept 0.996 std 0.824
Time 648.86 swap btwn source 1.30 and target 0.90 accept 0.985 std 0.809
 We tsr by 1.01 with replica exchange True
Time 1000.00 swap btwn source 1.01 and target 0.99 accept 1.000 std 0.994
Time 975.98 swap btwn source 1.03 and target 0.99 accept 1.000 std 0.968
Time 887.74 swap btwn source 1.01 and target 0.99 accept 1.000 std 0.887
Time 851.33 swap btwn source 1.03 and target 0.99 accept 1.000 std 0.860
Time 710.47 swap btwn source 1.01 and target 0.99 accept 1.000 std 0.794
Time 648.86 swap btwn source 1.03 and target 0.99 accept 0.998 std 0.787
 We tsr by 1.05 with replica exchange True
Time 1000.00 swap btwn source 1.05 and target 0.95 accept 1.000 std 1.013
Time 975.98 swap btwn source 1.15 and target 0.95 accept 0.999 std 0.987
Time 887.74 swap btwn source 1.05 and target 0.95 accept 0.995 std 0.906
Time 851.33 swap btwn source 1.15 and target 0.95 accept 0.999 std 0.879
Time 710.47 swap btwn source 1.05 and target 0.95 accept 0.998 std 0.811
Time 648.86 swap btwn source 1.15 and target 0.95 accept 0.989 std 0.802
 We tsr by 1.10 with replica exchange False
 We tsr by 1.01 with replica exchange False
 We tsr by 1.05 with replica exchange False
 We tsr by 1.10 with replica exchange True
Time 1000.00 swap btwn source 1.10 and target 0.90 accept 1.000 std 1.036
Time 975.98 swap btwn source 1.30 and target 0.90 accept 0.999 std 1.010
Time 887.74 swap btwn source 1.10 and target 0.90 accept 0.981 std 0.928
Time 851.33 swap btwn source 1.30 and target 0.90 accept 0.998 std 0.899
Time 710.47 swap btwn source 1.10 and target 0.90 accept 0.998 std 0.820
Time 648.86 swap btwn source 1.30 and target 0.90 accept 0.991 std 0.803
 We tsr by 1.01 with replica exchange True
Time 1000.00 swap btwn source 1.01 and target 0.99 accept 1.000 std 0.993
Time 975.98 swap btwn source 1.03 and target 0.99 accept 1.000 std 0.967
Time 887.74 swap btwn source 1.01 and target 0.99 accept 1.000 std 0.888
Time 851.33 swap btwn source 1.03 and target 0.99 accept 1.000 std 0.861
Time 710.47 swap btwn source 1.01 and target 0.99 accept 1.000 std 0.798
Time 648.86 swap btwn source 1.03 and target 0.99 accept 1.000 std 0.793
 We tsr by 1.05 with replica exchange True
Time 1000.00 swap btwn source 1.05 and target 0.95 accept 1.000 std 1.012
Time 975.98 swap btwn source 1.15 and target 0.95 accept 1.000 std 0.986
Time 887.74 swap btwn source 1.05 and target 0.95 accept 0.996 std 0.906
Time 851.33 swap btwn source 1.15 and target 0.95 accept 1.000 std 0.879
Time 710.47 swap btwn source 1.05 and target 0.95 accept 0.999 std 0.811
Time 648.86 swap btwn source 1.15 and target 0.95 accept 0.996 std 0.801
 We tsr by 1.10 with replica exchange False
 We tsr by 1.01 with replica exchange False
 We tsr by 1.05 with replica exchange False
 We tsr by 1.10 with replica exchange True
Time 1000.00 swap btwn source 1.10 and target 0.90 accept 1.000 std 1.037
Time 975.98 swap btwn source 1.30 and target 0.90 accept 0.999 std 1.012
Time 887.74 swap btwn source 1.10 and target 0.90 accept 0.981 std 0.931
Time 851.33 swap btwn source 1.30 and target 0.90 accept 0.998 std 0.902
Time 710.47 swap btwn source 1.10 and target 0.90 accept 0.996 std 0.822
Time 648.86 swap btwn source 1.30 and target 0.90 accept 0.989 std 0.805
 We tsr by 1.01 with replica exchange True
Time 1000.00 swap btwn source 1.01 and target 0.99 accept 1.000 std 0.994
Time 975.98 swap btwn source 1.03 and target 0.99 accept 1.000 std 0.969
Time 887.74 swap btwn source 1.01 and target 0.99 accept 1.000 std 0.890
Time 851.33 swap btwn source 1.03 and target 0.99 accept 1.000 std 0.862
Time 710.47 swap btwn source 1.01 and target 0.99 accept 1.000 std 0.791
Time 648.86 swap btwn source 1.03 and target 0.99 accept 0.999 std 0.780
 We tsr by 1.05 with replica exchange True
Time 1000.00 swap btwn source 1.05 and target 0.95 accept 1.000 std 1.013
Time 975.98 swap btwn source 1.15 and target 0.95 accept 1.000 std 0.988
Time 887.74 swap btwn source 1.05 and target 0.95 accept 0.995 std 0.908
Time 851.33 swap btwn source 1.15 and target 0.95 accept 1.000 std 0.879
Time 710.47 swap btwn source 1.05 and target 0.95 accept 0.999 std 0.804
Time 648.86 swap btwn source 1.15 and target 0.95 accept 0.994 std 0.790
 We tsr by 1.10 with replica exchange False
 We tsr by 1.01 with replica exchange False
 We tsr by 1.05 with replica exchange False
 We tsr by 1.10 with replica exchange True
Time 1000.00 swap btwn source 1.10 and target 0.90 accept 0.999 std 1.036
Time 975.98 swap btwn source 1.30 and target 0.90 accept 0.998 std 1.011
Time 887.74 swap btwn source 1.10 and target 0.90 accept 0.983 std 0.933
Time 851.33 swap btwn source 1.30 and target 0.90 accept 0.997 std 0.906
Time 710.47 swap btwn source 1.10 and target 0.90 accept 0.995 std 0.840
Time 648.86 swap btwn source 1.30 and target 0.90 accept 0.977 std 0.831
 We tsr by 1.01 with replica exchange True
Time 1000.00 swap btwn source 1.01 and target 0.99 accept 1.000 std 0.994
Time 975.98 swap btwn source 1.03 and target 0.99 accept 1.000 std 0.969
Time 887.74 swap btwn source 1.01 and target 0.99 accept 1.000 std 0.891
Time 851.33 swap btwn source 1.03 and target 0.99 accept 1.000 std 0.865
Time 710.47 swap btwn source 1.01 and target 0.99 accept 1.000 std 0.805
Time 648.86 swap btwn source 1.03 and target 0.99 accept 0.999 std 0.802
 We tsr by 1.05 with replica exchange True
Time 1000.00 swap btwn source 1.05 and target 0.95 accept 1.000 std 1.013
Time 975.98 swap btwn source 1.15 and target 0.95 accept 0.999 std 0.988
Time 887.74 swap btwn source 1.05 and target 0.95 accept 0.996 std 0.910
Time 851.33 swap btwn source 1.15 and target 0.95 accept 0.999 std 0.884
Time 710.47 swap btwn source 1.05 and target 0.95 accept 0.997 std 0.823
Time 648.86 swap btwn source 1.15 and target 0.95 accept 0.987 std 0.818
 We tsr by 1.10 with replica exchange False
 We tsr by 1.01 with replica exchange False
 We tsr by 1.05 with replica exchange False
 We tsr by 1.10 with replica exchange True
Time 1000.00 swap btwn source 1.10 and target 0.90 accept 1.000 std 1.036
Time 975.98 swap btwn source 1.30 and target 0.90 accept 0.999 std 1.011
Time 887.74 swap btwn source 1.10 and target 0.90 accept 0.980 std 0.930
Time 851.33 swap btwn source 1.30 and target 0.90 accept 0.998 std 0.902
Time 710.47 swap btwn source 1.10 and target 0.90 accept 0.995 std 0.828
Time 648.86 swap btwn source 1.30 and target 0.90 accept 0.988 std 0.813
 We tsr by 1.01 with replica exchange True
Time 1000.00 swap btwn source 1.01 and target 0.99 accept 1.000 std 0.994
Time 975.98 swap btwn source 1.03 and target 0.99 accept 1.000 std 0.968
Time 887.74 swap btwn source 1.01 and target 0.99 accept 1.000 std 0.889
Time 851.33 swap btwn source 1.03 and target 0.99 accept 1.000 std 0.862
Time 710.47 swap btwn source 1.01 and target 0.99 accept 1.000 std 0.797
Time 648.86 swap btwn source 1.03 and target 0.99 accept 0.999 std 0.790
 We tsr by 1.05 with replica exchange True
Time 1000.00 swap btwn source 1.05 and target 0.95 accept 1.000 std 1.013
Time 975.98 swap btwn source 1.15 and target 0.95 accept 1.000 std 0.987
Time 887.74 swap btwn source 1.05 and target 0.95 accept 0.995 std 0.908
Time 851.33 swap btwn source 1.15 and target 0.95 accept 0.999 std 0.881
Time 710.47 swap btwn source 1.05 and target 0.95 accept 0.998 std 0.815
Time 648.86 swap btwn source 1.15 and target 0.95 accept 0.994 std 0.807
 We tsr by 1.10 with replica exchange False
 We tsr by 1.01 with replica exchange False
 We tsr by 1.05 with replica exchange False
 We tsr by 1.10 with replica exchange True
Time 1000.00 swap btwn source 1.10 and target 0.90 accept 1.000 std 1.037
Time 975.98 swap btwn source 1.30 and target 0.90 accept 0.999 std 1.012
Time 887.74 swap btwn source 1.10 and target 0.90 accept 0.982 std 0.930
Time 851.33 swap btwn source 1.30 and target 0.90 accept 0.997 std 0.901
Time 710.47 swap btwn source 1.10 and target 0.90 accept 0.996 std 0.821
Time 648.86 swap btwn source 1.30 and target 0.90 accept 0.984 std 0.802
 We tsr by 1.01 with replica exchange True
Time 1000.00 swap btwn source 1.01 and target 0.99 accept 1.000 std 0.993
Time 975.98 swap btwn source 1.03 and target 0.99 accept 1.000 std 0.969
Time 887.74 swap btwn source 1.01 and target 0.99 accept 1.000 std 0.889
Time 851.33 swap btwn source 1.03 and target 0.99 accept 1.000 std 0.861
Time 710.47 swap btwn source 1.01 and target 0.99 accept 1.000 std 0.794
Time 648.86 swap btwn source 1.03 and target 0.99 accept 0.998 std 0.788
 We tsr by 1.05 with replica exchange True
Time 1000.00 swap btwn source 1.05 and target 0.95 accept 1.000 std 1.013
Time 975.98 swap btwn source 1.15 and target 0.95 accept 1.000 std 0.988
Time 887.74 swap btwn source 1.05 and target 0.95 accept 0.996 std 0.907
Time 851.33 swap btwn source 1.15 and target 0.95 accept 0.999 std 0.880
Time 710.47 swap btwn source 1.05 and target 0.95 accept 0.998 std 0.808
Time 648.86 swap btwn source 1.15 and target 0.95 accept 0.988 std 0.796
 We tsr by 1.10 with replica exchange False
 We tsr by 1.01 with replica exchange False
 We tsr by 1.05 with replica exchange False
 We tsr by 1.10 with replica exchange True
Time 1000.00 swap btwn source 1.10 and target 0.90 accept 1.000 std 1.038
Time 975.98 swap btwn source 1.30 and target 0.90 accept 0.998 std 1.014
Time 887.74 swap btwn source 1.10 and target 0.90 accept 0.980 std 0.937
Time 851.33 swap btwn source 1.30 and target 0.90 accept 0.995 std 0.910
Time 710.47 swap btwn source 1.10 and target 0.90 accept 0.990 std 0.850
Time 648.86 swap btwn source 1.30 and target 0.90 accept 0.977 std 0.842
 We tsr by 1.01 with replica exchange True
Time 1000.00 swap btwn source 1.01 and target 0.99 accept 1.000 std 0.994
Time 975.98 swap btwn source 1.03 and target 0.99 accept 1.000 std 0.970
Time 887.74 swap btwn source 1.01 and target 0.99 accept 1.000 std 0.898
Time 851.33 swap btwn source 1.03 and target 0.99 accept 1.000 std 0.877
Time 710.47 swap btwn source 1.01 and target 0.99 accept 1.000 std 0.852
Time 648.86 swap btwn source 1.03 and target 0.99 accept 0.999 std 0.869
 We tsr by 1.05 with replica exchange True
Time 1000.00 swap btwn source 1.05 and target 0.95 accept 1.000 std 1.014
Time 975.98 swap btwn source 1.15 and target 0.95 accept 1.000 std 0.990
Time 887.74 swap btwn source 1.05 and target 0.95 accept 0.992 std 0.913
Time 851.33 swap btwn source 1.15 and target 0.95 accept 0.999 std 0.888
Time 710.47 swap btwn source 1.05 and target 0.95 accept 0.998 std 0.836
Time 648.86 swap btwn source 1.15 and target 0.95 accept 0.992 std 0.837
 We tsr by 1.10 with replica exchange False
 We tsr by 1.01 with replica exchange False
 We tsr by 1.05 with replica exchange False
 We tsr by 1.10 with replica exchange True
Time 1000.00 swap btwn source 1.10 and target 0.90 accept 1.000 std 1.036
Time 975.98 swap btwn source 1.30 and target 0.90 accept 0.998 std 1.011
Time 887.74 swap btwn source 1.10 and target 0.90 accept 0.981 std 0.937
Time 851.33 swap btwn source 1.30 and target 0.90 accept 0.997 std 0.913
Time 710.47 swap btwn source 1.10 and target 0.90 accept 0.997 std 0.863
Time 648.86 swap btwn source 1.30 and target 0.90 accept 0.985 std 0.863
 We tsr by 1.01 with replica exchange True
Time 1000.00 swap btwn source 1.01 and target 0.99 accept 1.000 std 0.993
Time 975.98 swap btwn source 1.03 and target 0.99 accept 1.000 std 0.968
Time 887.74 swap btwn source 1.01 and target 0.99 accept 1.000 std 0.896
Time 851.33 swap btwn source 1.03 and target 0.99 accept 1.000 std 0.875
Time 710.47 swap btwn source 1.01 and target 0.99 accept 1.000 std 0.845
Time 648.86 swap btwn source 1.03 and target 0.99 accept 1.000 std 0.859
 We tsr by 1.05 with replica exchange True
Time 1000.00 swap btwn source 1.05 and target 0.95 accept 1.000 std 1.012
Time 975.98 swap btwn source 1.15 and target 0.95 accept 0.999 std 0.987
Time 887.74 swap btwn source 1.05 and target 0.95 accept 0.995 std 0.915
Time 851.33 swap btwn source 1.15 and target 0.95 accept 1.000 std 0.893
Time 710.47 swap btwn source 1.05 and target 0.95 accept 0.999 std 0.857
Time 648.86 swap btwn source 1.15 and target 0.95 accept 0.997 std 0.867
 We tsr by 1.10 with replica exchange False
 We tsr by 1.01 with replica exchange False
 We tsr by 1.05 with replica exchange False
 We tsr by 1.10 with replica exchange True
Time 1000.00 swap btwn source 1.10 and target 0.90 accept 1.000 std 1.035
Time 975.98 swap btwn source 1.30 and target 0.90 accept 0.998 std 1.010
Time 887.74 swap btwn source 1.10 and target 0.90 accept 0.980 std 0.937
Time 851.33 swap btwn source 1.30 and target 0.90 accept 0.999 std 0.914
Time 710.47 swap btwn source 1.10 and target 0.90 accept 0.998 std 0.875
Time 648.86 swap btwn source 1.30 and target 0.90 accept 0.991 std 0.883
 We tsr by 1.01 with replica exchange True
Time 1000.00 swap btwn source 1.01 and target 0.99 accept 1.000 std 0.993
Time 975.98 swap btwn source 1.03 and target 0.99 accept 1.000 std 0.967
Time 887.74 swap btwn source 1.01 and target 0.99 accept 1.000 std 0.896
Time 851.33 swap btwn source 1.03 and target 0.99 accept 1.000 std 0.875
Time 710.47 swap btwn source 1.01 and target 0.99 accept 1.000 std 0.853
Time 648.86 swap btwn source 1.03 and target 0.99 accept 1.000 std 0.874
 We tsr by 1.05 with replica exchange True
Time 1000.00 swap btwn source 1.05 and target 0.95 accept 1.000 std 1.012
Time 975.98 swap btwn source 1.15 and target 0.95 accept 0.999 std 0.986
Time 887.74 swap btwn source 1.05 and target 0.95 accept 0.995 std 0.914
Time 851.33 swap btwn source 1.15 and target 0.95 accept 1.000 std 0.892
Time 710.47 swap btwn source 1.05 and target 0.95 accept 0.999 std 0.862
Time 648.86 swap btwn source 1.15 and target 0.95 accept 0.998 std 0.877
 We tsr by 1.10 with replica exchange False
 We tsr by 1.01 with replica exchange False
 We tsr by 1.05 with replica exchange False
 We tsr by 1.10 with replica exchange True
Time 1000.00 swap btwn source 1.10 and target 0.90 accept 0.999 std 1.037
Time 975.98 swap btwn source 1.30 and target 0.90 accept 0.998 std 1.013
Time 887.74 swap btwn source 1.10 and target 0.90 accept 0.983 std 0.937
Time 851.33 swap btwn source 1.30 and target 0.90 accept 0.997 std 0.910
Time 710.47 swap btwn source 1.10 and target 0.90 accept 0.994 std 0.844
Time 648.86 swap btwn source 1.30 and target 0.90 accept 0.978 std 0.834
 We tsr by 1.01 with replica exchange True
Time 1000.00 swap btwn source 1.01 and target 0.99 accept 1.000 std 0.994
Time 975.98 swap btwn source 1.03 and target 0.99 accept 1.000 std 0.970
Time 887.74 swap btwn source 1.01 and target 0.99 accept 1.000 std 0.895
Time 851.33 swap btwn source 1.03 and target 0.99 accept 1.000 std 0.869
Time 710.47 swap btwn source 1.01 and target 0.99 accept 1.000 std 0.810
Time 648.86 swap btwn source 1.03 and target 0.99 accept 0.999 std 0.805
 We tsr by 1.05 with replica exchange True
Time 1000.00 swap btwn source 1.05 and target 0.95 accept 1.000 std 1.014
Time 975.98 swap btwn source 1.15 and target 0.95 accept 1.000 std 0.989
Time 887.74 swap btwn source 1.05 and target 0.95 accept 0.996 std 0.913
Time 851.33 swap btwn source 1.15 and target 0.95 accept 0.999 std 0.887
Time 710.47 swap btwn source 1.05 and target 0.95 accept 0.999 std 0.824
Time 648.86 swap btwn source 1.15 and target 0.95 accept 0.992 std 0.816
 We tsr by 1.10 with replica exchange False
 We tsr by 1.01 with replica exchange False
 We tsr by 1.05 with replica exchange False
 We tsr by 1.10 with replica exchange True
Time 1000.00 swap btwn source 1.10 and target 0.90 accept 1.000 std 1.036
Time 975.98 swap btwn source 1.30 and target 0.90 accept 0.999 std 1.012
Time 887.74 swap btwn source 1.10 and target 0.90 accept 0.981 std 0.932
Time 851.33 swap btwn source 1.30 and target 0.90 accept 0.996 std 0.903
Time 710.47 swap btwn source 1.10 and target 0.90 accept 0.996 std 0.828
Time 648.86 swap btwn source 1.30 and target 0.90 accept 0.981 std 0.813
 We tsr by 1.01 with replica exchange True
Time 1000.00 swap btwn source 1.01 and target 0.99 accept 1.000 std 0.993
Time 975.98 swap btwn source 1.03 and target 0.99 accept 1.000 std 0.969
Time 887.74 swap btwn source 1.01 and target 0.99 accept 1.000 std 0.889
Time 851.33 swap btwn source 1.03 and target 0.99 accept 1.000 std 0.861
Time 710.47 swap btwn source 1.01 and target 0.99 accept 1.000 std 0.790
Time 648.86 swap btwn source 1.03 and target 0.99 accept 0.999 std 0.779
 We tsr by 1.05 with replica exchange True
Time 1000.00 swap btwn source 1.05 and target 0.95 accept 1.000 std 1.013
Time 975.98 swap btwn source 1.15 and target 0.95 accept 0.999 std 0.988
Time 887.74 swap btwn source 1.05 and target 0.95 accept 0.996 std 0.909
Time 851.33 swap btwn source 1.15 and target 0.95 accept 0.999 std 0.881
Time 710.47 swap btwn source 1.05 and target 0.95 accept 0.997 std 0.811
Time 648.86 swap btwn source 1.15 and target 0.95 accept 0.987 std 0.799
 We tsr by 1.10 with replica exchange False
 We tsr by 1.01 with replica exchange False
 We tsr by 1.05 with replica exchange False
 We tsr by 1.10 with replica exchange True
Time 1000.00 swap btwn source 1.10 and target 0.90 accept 1.000 std 1.036
Time 975.98 swap btwn source 1.30 and target 0.90 accept 0.999 std 1.011
Time 887.74 swap btwn source 1.10 and target 0.90 accept 0.980 std 0.930
Time 851.33 swap btwn source 1.30 and target 0.90 accept 0.999 std 0.901
Time 710.47 swap btwn source 1.10 and target 0.90 accept 0.998 std 0.822
Time 648.86 swap btwn source 1.30 and target 0.90 accept 0.992 std 0.805
 We tsr by 1.01 with replica exchange True
Time 1000.00 swap btwn source 1.01 and target 0.99 accept 1.000 std 0.993
Time 975.98 swap btwn source 1.03 and target 0.99 accept 1.000 std 0.968
Time 887.74 swap btwn source 1.01 and target 0.99 accept 1.000 std 0.889
Time 851.33 swap btwn source 1.03 and target 0.99 accept 1.000 std 0.862
Time 710.47 swap btwn source 1.01 and target 0.99 accept 1.000 std 0.795
Time 648.86 swap btwn source 1.03 and target 0.99 accept 1.000 std 0.788
 We tsr by 1.05 with replica exchange True
Time 1000.00 swap btwn source 1.05 and target 0.95 accept 1.000 std 1.012
Time 975.98 swap btwn source 1.15 and target 0.95 accept 1.000 std 0.987
Time 887.74 swap btwn source 1.05 and target 0.95 accept 0.995 std 0.907
Time 851.33 swap btwn source 1.15 and target 0.95 accept 1.000 std 0.879
Time 710.47 swap btwn source 1.05 and target 0.95 accept 0.999 std 0.808
Time 648.86 swap btwn source 1.15 and target 0.95 accept 0.996 std 0.796
 We tsr by 1.10 with replica exchange False
 We tsr by 1.01 with replica exchange False
 We tsr by 1.05 with replica exchange False
 We tsr by 1.10 with replica exchange True
Time 1000.00 swap btwn source 1.10 and target 0.90 accept 0.999 std 1.036
Time 975.98 swap btwn source 1.30 and target 0.90 accept 0.999 std 1.011
Time 887.74 swap btwn source 1.10 and target 0.90 accept 0.979 std 0.931
Time 851.33 swap btwn source 1.30 and target 0.90 accept 0.998 std 0.903
Time 710.47 swap btwn source 1.10 and target 0.90 accept 0.996 std 0.829
Time 648.86 swap btwn source 1.30 and target 0.90 accept 0.986 std 0.814
 We tsr by 1.01 with replica exchange True
Time 1000.00 swap btwn source 1.01 and target 0.99 accept 1.000 std 0.993
Time 975.98 swap btwn source 1.03 and target 0.99 accept 1.000 std 0.968
Time 887.74 swap btwn source 1.01 and target 0.99 accept 1.000 std 0.891
Time 851.33 swap btwn source 1.03 and target 0.99 accept 1.000 std 0.865
Time 710.47 swap btwn source 1.01 and target 0.99 accept 1.000 std 0.805
Time 648.86 swap btwn source 1.03 and target 0.99 accept 1.000 std 0.801
 We tsr by 1.05 with replica exchange True
Time 1000.00 swap btwn source 1.05 and target 0.95 accept 1.000 std 1.013
Time 975.98 swap btwn source 1.15 and target 0.95 accept 1.000 std 0.987
Time 887.74 swap btwn source 1.05 and target 0.95 accept 0.995 std 0.908
Time 851.33 swap btwn source 1.15 and target 0.95 accept 0.999 std 0.881
Time 710.47 swap btwn source 1.05 and target 0.95 accept 0.998 std 0.812
Time 648.86 swap btwn source 1.15 and target 0.95 accept 0.993 std 0.802
 We tsr by 1.10 with replica exchange False
 We tsr by 1.01 with replica exchange False
 We tsr by 1.05 with replica exchange False
 We tsr by 1.10 with replica exchange True
Time 1000.00 swap btwn source 1.10 and target 0.90 accept 1.000 std 1.036
Time 975.98 swap btwn source 1.30 and target 0.90 accept 0.998 std 1.013
Time 887.74 swap btwn source 1.10 and target 0.90 accept 0.981 std 0.936
Time 851.33 swap btwn source 1.30 and target 0.90 accept 0.999 std 0.910
Time 710.47 swap btwn source 1.10 and target 0.90 accept 0.994 std 0.844
Time 648.86 swap btwn source 1.30 and target 0.90 accept 0.987 std 0.833
 We tsr by 1.01 with replica exchange True
Time 1000.00 swap btwn source 1.01 and target 0.99 accept 1.000 std 0.994
Time 975.98 swap btwn source 1.03 and target 0.99 accept 1.000 std 0.970
Time 887.74 swap btwn source 1.01 and target 0.99 accept 1.000 std 0.896
Time 851.33 swap btwn source 1.03 and target 0.99 accept 1.000 std 0.872
Time 710.47 swap btwn source 1.01 and target 0.99 accept 1.000 std 0.820
Time 648.86 swap btwn source 1.03 and target 0.99 accept 0.999 std 0.821
 We tsr by 1.05 with replica exchange True
Time 1000.00 swap btwn source 1.05 and target 0.95 accept 1.000 std 1.013
Time 975.98 swap btwn source 1.15 and target 0.95 accept 0.999 std 0.989
Time 887.74 swap btwn source 1.05 and target 0.95 accept 0.994 std 0.914
Time 851.33 swap btwn source 1.15 and target 0.95 accept 0.999 std 0.890
Time 710.47 swap btwn source 1.05 and target 0.95 accept 0.999 std 0.833
Time 648.86 swap btwn source 1.15 and target 0.95 accept 0.994 std 0.830
 We tsr by 1.10 with replica exchange False
 We tsr by 1.01 with replica exchange False
 We tsr by 1.05 with replica exchange False
 We tsr by 1.10 with replica exchange True
Time 1000.00 swap btwn source 1.10 and target 0.90 accept 1.000 std 1.037
Time 975.98 swap btwn source 1.30 and target 0.90 accept 0.999 std 1.011
Time 887.74 swap btwn source 1.10 and target 0.90 accept 0.981 std 0.930
Time 851.33 swap btwn source 1.30 and target 0.90 accept 0.996 std 0.902
Time 710.47 swap btwn source 1.10 and target 0.90 accept 0.996 std 0.829
Time 648.86 swap btwn source 1.30 and target 0.90 accept 0.988 std 0.814
 We tsr by 1.01 with replica exchange True
Time 1000.00 swap btwn source 1.01 and target 0.99 accept 1.000 std 0.994
Time 975.98 swap btwn source 1.03 and target 0.99 accept 1.000 std 0.968
Time 887.74 swap btwn source 1.01 and target 0.99 accept 1.000 std 0.888
Time 851.33 swap btwn source 1.03 and target 0.99 accept 1.000 std 0.861
Time 710.47 swap btwn source 1.01 and target 0.99 accept 1.000 std 0.796
Time 648.86 swap btwn source 1.03 and target 0.99 accept 0.998 std 0.790
 We tsr by 1.05 with replica exchange True
Time 1000.00 swap btwn source 1.05 and target 0.95 accept 1.000 std 1.013
Time 975.98 swap btwn source 1.15 and target 0.95 accept 1.000 std 0.987
Time 887.74 swap btwn source 1.05 and target 0.95 accept 0.996 std 0.907
Time 851.33 swap btwn source 1.15 and target 0.95 accept 0.999 std 0.880
Time 710.47 swap btwn source 1.05 and target 0.95 accept 0.999 std 0.815
Time 648.86 swap btwn source 1.15 and target 0.95 accept 0.988 std 0.807
 We tsr by 1.10 with replica exchange False
 We tsr by 1.01 with replica exchange False
 We tsr by 1.05 with replica exchange False
 We tsr by 1.10 with replica exchange True
Time 1000.00 swap btwn source 1.10 and target 0.90 accept 1.000 std 1.037
Time 975.98 swap btwn source 1.30 and target 0.90 accept 0.999 std 1.012
Time 887.74 swap btwn source 1.10 and target 0.90 accept 0.981 std 0.929
Time 851.33 swap btwn source 1.30 and target 0.90 accept 0.999 std 0.898
Time 710.47 swap btwn source 1.10 and target 0.90 accept 0.995 std 0.810
Time 648.86 swap btwn source 1.30 and target 0.90 accept 0.986 std 0.786
 We tsr by 1.01 with replica exchange True
Time 1000.00 swap btwn source 1.01 and target 0.99 accept 1.000 std 0.994
Time 975.98 swap btwn source 1.03 and target 0.99 accept 1.000 std 0.969
Time 887.74 swap btwn source 1.01 and target 0.99 accept 1.000 std 0.886
Time 851.33 swap btwn source 1.03 and target 0.99 accept 1.000 std 0.856
Time 710.47 swap btwn source 1.01 and target 0.99 accept 1.000 std 0.772
Time 648.86 swap btwn source 1.03 and target 0.99 accept 1.000 std 0.753
 We tsr by 1.05 with replica exchange True
Time 1000.00 swap btwn source 1.05 and target 0.95 accept 1.000 std 1.013
Time 975.98 swap btwn source 1.15 and target 0.95 accept 1.000 std 0.988
Time 887.74 swap btwn source 1.05 and target 0.95 accept 0.995 std 0.905
Time 851.33 swap btwn source 1.15 and target 0.95 accept 1.000 std 0.875
Time 710.47 swap btwn source 1.05 and target 0.95 accept 0.999 std 0.790
Time 648.86 swap btwn source 1.15 and target 0.95 accept 0.995 std 0.769
 We tsr by 1.10 with replica exchange False
 We tsr by 1.01 with replica exchange False
 We tsr by 1.05 with replica exchange False
 We tsr by 1.10 with replica exchange True
Time 1000.00 swap btwn source 1.10 and target 0.90 accept 1.000 std 1.036
Time 975.98 swap btwn source 1.30 and target 0.90 accept 0.999 std 1.010
Time 887.74 swap btwn source 1.10 and target 0.90 accept 0.984 std 0.925
Time 851.33 swap btwn source 1.30 and target 0.90 accept 0.999 std 0.895
Time 710.47 swap btwn source 1.10 and target 0.90 accept 0.990 std 0.799
Time 648.86 swap btwn source 1.30 and target 0.90 accept 0.978 std 0.770
 We tsr by 1.01 with replica exchange True
Time 1000.00 swap btwn source 1.01 and target 0.99 accept 1.000 std 0.993
Time 975.98 swap btwn source 1.03 and target 0.99 accept 1.000 std 0.967
Time 887.74 swap btwn source 1.01 and target 0.99 accept 1.000 std 0.877
Time 851.33 swap btwn source 1.03 and target 0.99 accept 1.000 std 0.844
Time 710.47 swap btwn source 1.01 and target 0.99 accept 1.000 std 0.729
Time 648.86 swap btwn source 1.03 and target 0.99 accept 0.999 std 0.688
 We tsr by 1.05 with replica exchange True
Time 1000.00 swap btwn source 1.05 and target 0.95 accept 1.000 std 1.013
Time 975.98 swap btwn source 1.15 and target 0.95 accept 1.000 std 0.986
Time 887.74 swap btwn source 1.05 and target 0.95 accept 0.996 std 0.897
Time 851.33 swap btwn source 1.15 and target 0.95 accept 1.000 std 0.864
Time 710.47 swap btwn source 1.05 and target 0.95 accept 0.999 std 0.755
Time 648.86 swap btwn source 1.15 and target 0.95 accept 0.996 std 0.719
 We tsr by 1.10 with replica exchange False
 We tsr by 1.01 with replica exchange False
 We tsr by 1.05 with replica exchange False
 We tsr by 1.10 with replica exchange True
Time 1000.00 swap btwn source 1.10 and target 0.90 accept 1.000 std 1.036
Time 975.98 swap btwn source 1.30 and target 0.90 accept 0.999 std 1.011
Time 887.74 swap btwn source 1.10 and target 0.90 accept 0.980 std 0.928
Time 851.33 swap btwn source 1.30 and target 0.90 accept 0.996 std 0.898
Time 710.47 swap btwn source 1.10 and target 0.90 accept 0.995 std 0.817
Time 648.86 swap btwn source 1.30 and target 0.90 accept 0.984 std 0.798
 We tsr by 1.01 with replica exchange True
Time 1000.00 swap btwn source 1.01 and target 0.99 accept 1.000 std 0.993
Time 975.98 swap btwn source 1.03 and target 0.99 accept 1.000 std 0.968
Time 887.74 swap btwn source 1.01 and target 0.99 accept 1.000 std 0.890
Time 851.33 swap btwn source 1.03 and target 0.99 accept 1.000 std 0.865
Time 710.47 swap btwn source 1.01 and target 0.99 accept 1.000 std 0.812
Time 648.86 swap btwn source 1.03 and target 0.99 accept 0.999 std 0.814
 We tsr by 1.05 with replica exchange True
Time 1000.00 swap btwn source 1.05 and target 0.95 accept 1.000 std 1.013
Time 975.98 swap btwn source 1.15 and target 0.95 accept 1.000 std 0.987
Time 887.74 swap btwn source 1.05 and target 0.95 accept 0.995 std 0.906
Time 851.33 swap btwn source 1.15 and target 0.95 accept 0.999 std 0.879
Time 710.47 swap btwn source 1.05 and target 0.95 accept 0.997 std 0.812
Time 648.86 swap btwn source 1.15 and target 0.95 accept 0.994 std 0.804
 We tsr by 1.10 with replica exchange False
 We tsr by 1.01 with replica exchange False
 We tsr by 1.05 with replica exchange False
 We tsr by 1.10 with replica exchange True
Time 1000.00 swap btwn source 1.10 and target 0.90 accept 1.000 std 1.036
Time 975.98 swap btwn source 1.30 and target 0.90 accept 0.998 std 1.011
Time 887.74 swap btwn source 1.10 and target 0.90 accept 0.984 std 0.932
Time 851.33 swap btwn source 1.30 and target 0.90 accept 0.997 std 0.904
Time 710.47 swap btwn source 1.10 and target 0.90 accept 0.991 std 0.833
Time 648.86 swap btwn source 1.30 and target 0.90 accept 0.970 std 0.819
 We tsr by 1.01 with replica exchange True
Time 1000.00 swap btwn source 1.01 and target 0.99 accept 1.000 std 0.993
Time 975.98 swap btwn source 1.03 and target 0.99 accept 1.000 std 0.967
Time 887.74 swap btwn source 1.01 and target 0.99 accept 1.000 std 0.887
Time 851.33 swap btwn source 1.03 and target 0.99 accept 1.000 std 0.858
Time 710.47 swap btwn source 1.01 and target 0.99 accept 1.000 std 0.782
Time 648.86 swap btwn source 1.03 and target 0.99 accept 0.999 std 0.768
 We tsr by 1.05 with replica exchange True
Time 1000.00 swap btwn source 1.05 and target 0.95 accept 1.000 std 1.012
Time 975.98 swap btwn source 1.15 and target 0.95 accept 0.999 std 0.987
Time 887.74 swap btwn source 1.05 and target 0.95 accept 0.996 std 0.907
Time 851.33 swap btwn source 1.15 and target 0.95 accept 0.999 std 0.879
Time 710.47 swap btwn source 1.05 and target 0.95 accept 0.998 std 0.805
Time 648.86 swap btwn source 1.15 and target 0.95 accept 0.988 std 0.792
 We tsr by 1.10 with replica exchange False
 We tsr by 1.01 with replica exchange False
 We tsr by 1.05 with replica exchange False
 We tsr by 1.10 with replica exchange True
Time 1000.00 swap btwn source 1.10 and target 0.90 accept 1.000 std 1.037
Time 975.98 swap btwn source 1.30 and target 0.90 accept 0.999 std 1.011
Time 887.74 swap btwn source 1.10 and target 0.90 accept 0.980 std 0.930
Time 851.33 swap btwn source 1.30 and target 0.90 accept 0.997 std 0.901
Time 710.47 swap btwn source 1.10 and target 0.90 accept 0.995 std 0.823
Time 648.86 swap btwn source 1.30 and target 0.90 accept 0.986 std 0.806
 We tsr by 1.01 with replica exchange True
Time 1000.00 swap btwn source 1.01 and target 0.99 accept 1.000 std 0.994
Time 975.98 swap btwn source 1.03 and target 0.99 accept 1.000 std 0.968
Time 887.74 swap btwn source 1.01 and target 0.99 accept 1.000 std 0.888
Time 851.33 swap btwn source 1.03 and target 0.99 accept 1.000 std 0.861
Time 710.47 swap btwn source 1.01 and target 0.99 accept 1.000 std 0.793
Time 648.86 swap btwn source 1.03 and target 0.99 accept 0.999 std 0.786
 We tsr by 1.05 with replica exchange True
Time 1000.00 swap btwn source 1.05 and target 0.95 accept 1.000 std 1.013
Time 975.98 swap btwn source 1.15 and target 0.95 accept 1.000 std 0.988
Time 887.74 swap btwn source 1.05 and target 0.95 accept 0.994 std 0.906
Time 851.33 swap btwn source 1.15 and target 0.95 accept 0.999 std 0.878
Time 710.47 swap btwn source 1.05 and target 0.95 accept 0.997 std 0.805
Time 648.86 swap btwn source 1.15 and target 0.95 accept 0.991 std 0.792
 We tsr by 1.10 with replica exchange False
 We tsr by 1.01 with replica exchange False
 We tsr by 1.05 with replica exchange False
 We tsr by 1.10 with replica exchange True
Time 1000.00 swap btwn source 1.10 and target 0.90 accept 1.000 std 1.036
Time 975.98 swap btwn source 1.30 and target 0.90 accept 0.999 std 1.012
Time 887.74 swap btwn source 1.10 and target 0.90 accept 0.982 std 0.927
Time 851.33 swap btwn source 1.30 and target 0.90 accept 0.999 std 0.895
Time 710.47 swap btwn source 1.10 and target 0.90 accept 0.996 std 0.793
Time 648.86 swap btwn source 1.30 and target 0.90 accept 0.991 std 0.762
 We tsr by 1.01 with replica exchange True
Time 1000.00 swap btwn source 1.01 and target 0.99 accept 1.000 std 0.993
Time 975.98 swap btwn source 1.03 and target 0.99 accept 1.000 std 0.969
Time 887.74 swap btwn source 1.01 and target 0.99 accept 1.000 std 0.885
Time 851.33 swap btwn source 1.03 and target 0.99 accept 1.000 std 0.854
Time 710.47 swap btwn source 1.01 and target 0.99 accept 1.000 std 0.757
Time 648.86 swap btwn source 1.03 and target 0.99 accept 1.000 std 0.731
 We tsr by 1.05 with replica exchange True
Time 1000.00 swap btwn source 1.05 and target 0.95 accept 1.000 std 1.013
Time 975.98 swap btwn source 1.15 and target 0.95 accept 1.000 std 0.988
Time 887.74 swap btwn source 1.05 and target 0.95 accept 0.995 std 0.904
Time 851.33 swap btwn source 1.15 and target 0.95 accept 1.000 std 0.872
Time 710.47 swap btwn source 1.05 and target 0.95 accept 0.999 std 0.774
Time 648.86 swap btwn source 1.15 and target 0.95 accept 0.997 std 0.746
 We tsr by 1.10 with replica exchange False
 We tsr by 1.01 with replica exchange False
 We tsr by 1.05 with replica exchange False
 We tsr by 1.10 with replica exchange True
Time 1000.00 swap btwn source 1.10 and target 0.90 accept 1.000 std 1.037
Time 975.98 swap btwn source 1.30 and target 0.90 accept 0.998 std 1.012
Time 887.74 swap btwn source 1.10 and target 0.90 accept 0.980 std 0.933
Time 851.33 swap btwn source 1.30 and target 0.90 accept 0.998 std 0.906
Time 710.47 swap btwn source 1.10 and target 0.90 accept 0.994 std 0.836
Time 648.86 swap btwn source 1.30 and target 0.90 accept 0.985 std 0.824
 We tsr by 1.01 with replica exchange True
Time 1000.00 swap btwn source 1.01 and target 0.99 accept 1.000 std 0.993
Time 975.98 swap btwn source 1.03 and target 0.99 accept 1.000 std 0.969
Time 887.74 swap btwn source 1.01 and target 0.99 accept 1.000 std 0.892
Time 851.33 swap btwn source 1.03 and target 0.99 accept 1.000 std 0.867
Time 710.47 swap btwn source 1.01 and target 0.99 accept 1.000 std 0.815
Time 648.86 swap btwn source 1.03 and target 0.99 accept 1.000 std 0.817
 We tsr by 1.05 with replica exchange True
Time 1000.00 swap btwn source 1.05 and target 0.95 accept 1.000 std 1.013
Time 975.98 swap btwn source 1.15 and target 0.95 accept 1.000 std 0.988
Time 887.74 swap btwn source 1.05 and target 0.95 accept 0.995 std 0.910
Time 851.33 swap btwn source 1.15 and target 0.95 accept 0.999 std 0.884
Time 710.47 swap btwn source 1.05 and target 0.95 accept 0.999 std 0.823
Time 648.86 swap btwn source 1.15 and target 0.95 accept 0.992 std 0.818
 We tsr by 1.10 with replica exchange False
 We tsr by 1.01 with replica exchange False
 We tsr by 1.05 with replica exchange False
 We tsr by 1.10 with replica exchange True
Time 1000.00 swap btwn source 1.10 and target 0.90 accept 1.000 std 1.035
Time 975.98 swap btwn source 1.30 and target 0.90 accept 0.998 std 1.010
Time 887.74 swap btwn source 1.10 and target 0.90 accept 0.981 std 0.929
Time 851.33 swap btwn source 1.30 and target 0.90 accept 0.997 std 0.901
Time 710.47 swap btwn source 1.10 and target 0.90 accept 0.989 std 0.834
Time 648.86 swap btwn source 1.30 and target 0.90 accept 0.975 std 0.823
 We tsr by 1.01 with replica exchange True
Time 1000.00 swap btwn source 1.01 and target 0.99 accept 1.000 std 0.992
Time 975.98 swap btwn source 1.03 and target 0.99 accept 1.000 std 0.966
Time 887.74 swap btwn source 1.01 and target 0.99 accept 1.000 std 0.889
Time 851.33 swap btwn source 1.03 and target 0.99 accept 1.000 std 0.864
Time 710.47 swap btwn source 1.01 and target 0.99 accept 1.000 std 0.812
Time 648.86 swap btwn source 1.03 and target 0.99 accept 0.999 std 0.813
 We tsr by 1.05 with replica exchange True
Time 1000.00 swap btwn source 1.05 and target 0.95 accept 1.000 std 1.012
Time 975.98 swap btwn source 1.15 and target 0.95 accept 0.999 std 0.985
Time 887.74 swap btwn source 1.05 and target 0.95 accept 0.995 std 0.906
Time 851.33 swap btwn source 1.15 and target 0.95 accept 0.999 std 0.880
Time 710.47 swap btwn source 1.05 and target 0.95 accept 0.998 std 0.820
Time 648.86 swap btwn source 1.15 and target 0.95 accept 0.992 std 0.815
 We tsr by 1.10 with replica exchange False
 We tsr by 1.01 with replica exchange False
 We tsr by 1.05 with replica exchange False
 We tsr by 1.10 with replica exchange True
Time 1000.00 swap btwn source 1.10 and target 0.90 accept 1.000 std 1.036
Time 975.98 swap btwn source 1.30 and target 0.90 accept 0.997 std 1.012
Time 887.74 swap btwn source 1.10 and target 0.90 accept 0.982 std 0.938
Time 851.33 swap btwn source 1.30 and target 0.90 accept 0.998 std 0.914
Time 710.47 swap btwn source 1.10 and target 0.90 accept 0.996 std 0.864
Time 648.86 swap btwn source 1.30 and target 0.90 accept 0.982 std 0.865
 We tsr by 1.01 with replica exchange True
Time 1000.00 swap btwn source 1.01 and target 0.99 accept 1.000 std 0.993
Time 975.98 swap btwn source 1.03 and target 0.99 accept 1.000 std 0.970
Time 887.74 swap btwn source 1.01 and target 0.99 accept 1.000 std 0.897
Time 851.33 swap btwn source 1.03 and target 0.99 accept 1.000 std 0.875
Time 710.47 swap btwn source 1.01 and target 0.99 accept 1.000 std 0.840
Time 648.86 swap btwn source 1.03 and target 0.99 accept 1.000 std 0.853
 We tsr by 1.05 with replica exchange True
Time 1000.00 swap btwn source 1.05 and target 0.95 accept 1.000 std 1.013
Time 975.98 swap btwn source 1.15 and target 0.95 accept 0.999 std 0.989
Time 887.74 swap btwn source 1.05 and target 0.95 accept 0.996 std 0.916
Time 851.33 swap btwn source 1.15 and target 0.95 accept 1.000 std 0.893
Time 710.47 swap btwn source 1.05 and target 0.95 accept 0.998 std 0.854
Time 648.86 swap btwn source 1.15 and target 0.95 accept 0.992 std 0.863
 We tsr by 1.10 with replica exchange False
 We tsr by 1.01 with replica exchange False
 We tsr by 1.05 with replica exchange False
 We tsr by 1.10 with replica exchange True
Time 1000.00 swap btwn source 1.10 and target 0.90 accept 1.000 std 1.036
Time 975.98 swap btwn source 1.30 and target 0.90 accept 0.999 std 1.012
Time 887.74 swap btwn source 1.10 and target 0.90 accept 0.982 std 0.930
Time 851.33 swap btwn source 1.30 and target 0.90 accept 0.998 std 0.901
Time 710.47 swap btwn source 1.10 and target 0.90 accept 0.996 std 0.820
Time 648.86 swap btwn source 1.30 and target 0.90 accept 0.986 std 0.801
 We tsr by 1.01 with replica exchange True
Time 1000.00 swap btwn source 1.01 and target 0.99 accept 1.000 std 0.993
Time 975.98 swap btwn source 1.03 and target 0.99 accept 1.000 std 0.968
Time 887.74 swap btwn source 1.01 and target 0.99 accept 1.000 std 0.887
Time 851.33 swap btwn source 1.03 and target 0.99 accept 1.000 std 0.859
Time 710.47 swap btwn source 1.01 and target 0.99 accept 1.000 std 0.785
Time 648.86 swap btwn source 1.03 and target 0.99 accept 0.999 std 0.773
 We tsr by 1.05 with replica exchange True
Time 1000.00 swap btwn source 1.05 and target 0.95 accept 1.000 std 1.013
Time 975.98 swap btwn source 1.15 and target 0.95 accept 1.000 std 0.987
Time 887.74 swap btwn source 1.05 and target 0.95 accept 0.996 std 0.907
Time 851.33 swap btwn source 1.15 and target 0.95 accept 0.999 std 0.879
Time 710.47 swap btwn source 1.05 and target 0.95 accept 0.999 std 0.806
Time 648.86 swap btwn source 1.15 and target 0.95 accept 0.991 std 0.793
 We tsr by 1.10 with replica exchange False
 We tsr by 1.01 with replica exchange False
 We tsr by 1.05 with replica exchange False
 We tsr by 1.10 with replica exchange True
Time 1000.00 swap btwn source 1.10 and target 0.90 accept 1.000 std 1.036
Time 975.98 swap btwn source 1.30 and target 0.90 accept 0.998 std 1.009
Time 887.74 swap btwn source 1.10 and target 0.90 accept 0.982 std 0.929
Time 851.33 swap btwn source 1.30 and target 0.90 accept 0.997 std 0.902
Time 710.47 swap btwn source 1.10 and target 0.90 accept 0.996 std 0.836
Time 648.86 swap btwn source 1.30 and target 0.90 accept 0.984 std 0.826
 We tsr by 1.01 with replica exchange True
Time 1000.00 swap btwn source 1.01 and target 0.99 accept 1.000 std 0.992
Time 975.98 swap btwn source 1.03 and target 0.99 accept 1.000 std 0.966
Time 887.74 swap btwn source 1.01 and target 0.99 accept 1.000 std 0.888
Time 851.33 swap btwn source 1.03 and target 0.99 accept 1.000 std 0.863
Time 710.47 swap btwn source 1.01 and target 0.99 accept 1.000 std 0.811
Time 648.86 swap btwn source 1.03 and target 0.99 accept 0.999 std 0.813
 We tsr by 1.05 with replica exchange True
Time 1000.00 swap btwn source 1.05 and target 0.95 accept 1.000 std 1.012
Time 975.98 swap btwn source 1.15 and target 0.95 accept 0.999 std 0.985
Time 887.74 swap btwn source 1.05 and target 0.95 accept 0.996 std 0.907
Time 851.33 swap btwn source 1.15 and target 0.95 accept 0.999 std 0.881
Time 710.47 swap btwn source 1.05 and target 0.95 accept 0.998 std 0.826
Time 648.86 swap btwn source 1.15 and target 0.95 accept 0.993 std 0.825
 We tsr by 1.10 with replica exchange False
 We tsr by 1.01 with replica exchange False
 We tsr by 1.05 with replica exchange False
 We tsr by 1.10 with replica exchange True
Time 1000.00 swap btwn source 1.10 and target 0.90 accept 1.000 std 1.037
Time 975.98 swap btwn source 1.30 and target 0.90 accept 0.998 std 1.012
Time 887.74 swap btwn source 1.10 and target 0.90 accept 0.982 std 0.932
Time 851.33 swap btwn source 1.30 and target 0.90 accept 0.996 std 0.906
Time 710.47 swap btwn source 1.10 and target 0.90 accept 0.996 std 0.846
Time 648.86 swap btwn source 1.30 and target 0.90 accept 0.978 std 0.840
 We tsr by 1.01 with replica exchange True
Time 1000.00 swap btwn source 1.01 and target 0.99 accept 1.000 std 0.993
Time 975.98 swap btwn source 1.03 and target 0.99 accept 1.000 std 0.968
Time 887.74 swap btwn source 1.01 and target 0.99 accept 1.000 std 0.891
Time 851.33 swap btwn source 1.03 and target 0.99 accept 1.000 std 0.867
Time 710.47 swap btwn source 1.01 and target 0.99 accept 1.000 std 0.824
Time 648.86 swap btwn source 1.03 and target 0.99 accept 0.999 std 0.831
 We tsr by 1.05 with replica exchange True
Time 1000.00 swap btwn source 1.05 and target 0.95 accept 1.000 std 1.013
Time 975.98 swap btwn source 1.15 and target 0.95 accept 0.999 std 0.987
Time 887.74 swap btwn source 1.05 and target 0.95 accept 0.996 std 0.909
Time 851.33 swap btwn source 1.15 and target 0.95 accept 0.999 std 0.884
Time 710.47 swap btwn source 1.05 and target 0.95 accept 0.997 std 0.835
Time 648.86 swap btwn source 1.15 and target 0.95 accept 0.988 std 0.838
 We tsr by 1.10 with replica exchange False
 We tsr by 1.01 with replica exchange False
 We tsr by 1.05 with replica exchange False
 We tsr by 1.10 with replica exchange True
Time 1000.00 swap btwn source 1.10 and target 0.90 accept 1.000 std 1.036
Time 975.98 swap btwn source 1.30 and target 0.90 accept 0.998 std 1.012
Time 887.74 swap btwn source 1.10 and target 0.90 accept 0.979 std 0.940
Time 851.33 swap btwn source 1.30 and target 0.90 accept 0.998 std 0.917
Time 710.47 swap btwn source 1.10 and target 0.90 accept 0.997 std 0.872
Time 648.86 swap btwn source 1.30 and target 0.90 accept 0.993 std 0.874
 We tsr by 1.01 with replica exchange True
Time 1000.00 swap btwn source 1.01 and target 0.99 accept 1.000 std 0.993
Time 975.98 swap btwn source 1.03 and target 0.99 accept 1.000 std 0.969
Time 887.74 swap btwn source 1.01 and target 0.99 accept 1.000 std 0.899
Time 851.33 swap btwn source 1.03 and target 0.99 accept 1.000 std 0.878
Time 710.47 swap btwn source 1.01 and target 0.99 accept 1.000 std 0.848
Time 648.86 swap btwn source 1.03 and target 0.99 accept 1.000 std 0.861
 We tsr by 1.05 with replica exchange True
Time 1000.00 swap btwn source 1.05 and target 0.95 accept 1.000 std 1.013
Time 975.98 swap btwn source 1.15 and target 0.95 accept 0.999 std 0.988
Time 887.74 swap btwn source 1.05 and target 0.95 accept 0.995 std 0.917
Time 851.33 swap btwn source 1.15 and target 0.95 accept 1.000 std 0.896
Time 710.47 swap btwn source 1.05 and target 0.95 accept 0.999 std 0.857
Time 648.86 swap btwn source 1.15 and target 0.95 accept 0.998 std 0.866
 We tsr by 1.10 with replica exchange False
 We tsr by 1.01 with replica exchange False
 We tsr by 1.05 with replica exchange False
 We tsr by 1.10 with replica exchange True
Time 1000.00 swap btwn source 1.10 and target 0.90 accept 1.000 std 1.037
Time 975.98 swap btwn source 1.30 and target 0.90 accept 0.997 std 1.013
Time 887.74 swap btwn source 1.10 and target 0.90 accept 0.979 std 0.938
Time 851.33 swap btwn source 1.30 and target 0.90 accept 0.998 std 0.914
Time 710.47 swap btwn source 1.10 and target 0.90 accept 0.997 std 0.863
Time 648.86 swap btwn source 1.30 and target 0.90 accept 0.991 std 0.863
 We tsr by 1.01 with replica exchange True
Time 1000.00 swap btwn source 1.01 and target 0.99 accept 1.000 std 0.994
Time 975.98 swap btwn source 1.03 and target 0.99 accept 1.000 std 0.970
Time 887.74 swap btwn source 1.01 and target 0.99 accept 1.000 std 0.897
Time 851.33 swap btwn source 1.03 and target 0.99 accept 1.000 std 0.875
Time 710.47 swap btwn source 1.01 and target 0.99 accept 1.000 std 0.839
Time 648.86 swap btwn source 1.03 and target 0.99 accept 0.999 std 0.851
 We tsr by 1.05 with replica exchange True
Time 1000.00 swap btwn source 1.05 and target 0.95 accept 1.000 std 1.013
Time 975.98 swap btwn source 1.15 and target 0.95 accept 0.999 std 0.989
Time 887.74 swap btwn source 1.05 and target 0.95 accept 0.995 std 0.915
Time 851.33 swap btwn source 1.15 and target 0.95 accept 0.999 std 0.892
Time 710.47 swap btwn source 1.05 and target 0.95 accept 0.999 std 0.850
Time 648.86 swap btwn source 1.15 and target 0.95 accept 0.997 std 0.856
 We tsr by 1.10 with replica exchange False
 We tsr by 1.01 with replica exchange False
 We tsr by 1.05 with replica exchange False
 We tsr by 1.10 with replica exchange True
Time 1000.00 swap btwn source 1.10 and target 0.90 accept 1.000 std 1.036
Time 975.98 swap btwn source 1.30 and target 0.90 accept 0.998 std 1.012
Time 887.74 swap btwn source 1.10 and target 0.90 accept 0.980 std 0.937
Time 851.33 swap btwn source 1.30 and target 0.90 accept 0.999 std 0.913
Time 710.47 swap btwn source 1.10 and target 0.90 accept 0.997 std 0.866
Time 648.86 swap btwn source 1.30 and target 0.90 accept 0.991 std 0.868
 We tsr by 1.01 with replica exchange True
Time 1000.00 swap btwn source 1.01 and target 0.99 accept 1.000 std 0.993
Time 975.98 swap btwn source 1.03 and target 0.99 accept 1.000 std 0.969
Time 887.74 swap btwn source 1.01 and target 0.99 accept 1.000 std 0.896
Time 851.33 swap btwn source 1.03 and target 0.99 accept 1.000 std 0.873
Time 710.47 swap btwn source 1.01 and target 0.99 accept 1.000 std 0.841
Time 648.86 swap btwn source 1.03 and target 0.99 accept 1.000 std 0.855
 We tsr by 1.05 with replica exchange True
Time 1000.00 swap btwn source 1.05 and target 0.95 accept 1.000 std 1.013
Time 975.98 swap btwn source 1.15 and target 0.95 accept 1.000 std 0.988
Time 887.74 swap btwn source 1.05 and target 0.95 accept 0.995 std 0.914
Time 851.33 swap btwn source 1.15 and target 0.95 accept 1.000 std 0.891
Time 710.47 swap btwn source 1.05 and target 0.95 accept 0.999 std 0.851
Time 648.86 swap btwn source 1.15 and target 0.95 accept 0.997 std 0.859
 We tsr by 1.10 with replica exchange False
 We tsr by 1.01 with replica exchange False
 We tsr by 1.05 with replica exchange False
 We tsr by 1.10 with replica exchange True
Time 1000.00 swap btwn source 1.10 and target 0.90 accept 1.000 std 1.036
Time 975.98 swap btwn source 1.30 and target 0.90 accept 0.998 std 1.013
Time 887.74 swap btwn source 1.10 and target 0.90 accept 0.980 std 0.938
Time 851.33 swap btwn source 1.30 and target 0.90 accept 0.998 std 0.915
Time 710.47 swap btwn source 1.10 and target 0.90 accept 0.997 std 0.862
Time 648.86 swap btwn source 1.30 and target 0.90 accept 0.991 std 0.860
 We tsr by 1.01 with replica exchange True
Time 1000.00 swap btwn source 1.01 and target 0.99 accept 1.000 std 0.993
Time 975.98 swap btwn source 1.03 and target 0.99 accept 1.000 std 0.970
Time 887.74 swap btwn source 1.01 and target 0.99 accept 1.000 std 0.898
Time 851.33 swap btwn source 1.03 and target 0.99 accept 1.000 std 0.876
Time 710.47 swap btwn source 1.01 and target 0.99 accept 1.000 std 0.837
Time 648.86 swap btwn source 1.03 and target 0.99 accept 1.000 std 0.846
 We tsr by 1.05 with replica exchange True
Time 1000.00 swap btwn source 1.05 and target 0.95 accept 1.000 std 1.013
Time 975.98 swap btwn source 1.15 and target 0.95 accept 1.000 std 0.988
Time 887.74 swap btwn source 1.05 and target 0.95 accept 0.995 std 0.916
Time 851.33 swap btwn source 1.15 and target 0.95 accept 1.000 std 0.893
Time 710.47 swap btwn source 1.05 and target 0.95 accept 0.999 std 0.848
Time 648.86 swap btwn source 1.15 and target 0.95 accept 0.997 std 0.852
 We tsr by 1.10 with replica exchange False
 We tsr by 1.01 with replica exchange False
 We tsr by 1.05 with replica exchange False
 We tsr by 1.10 with replica exchange True
Time 1000.00 swap btwn source 1.10 and target 0.90 accept 1.000 std 1.035
Time 975.98 swap btwn source 1.30 and target 0.90 accept 0.999 std 1.010
Time 887.74 swap btwn source 1.10 and target 0.90 accept 0.980 std 0.930
Time 851.33 swap btwn source 1.30 and target 0.90 accept 0.999 std 0.902
Time 710.47 swap btwn source 1.10 and target 0.90 accept 0.996 std 0.830
Time 648.86 swap btwn source 1.30 and target 0.90 accept 0.989 std 0.816
 We tsr by 1.01 with replica exchange True
Time 1000.00 swap btwn source 1.01 and target 0.99 accept 1.000 std 0.993
Time 975.98 swap btwn source 1.03 and target 0.99 accept 1.000 std 0.967
Time 887.74 swap btwn source 1.01 and target 0.99 accept 1.000 std 0.888
Time 851.33 swap btwn source 1.03 and target 0.99 accept 1.000 std 0.862
Time 710.47 swap btwn source 1.01 and target 0.99 accept 1.000 std 0.802
Time 648.86 swap btwn source 1.03 and target 0.99 accept 0.999 std 0.799
 We tsr by 1.05 with replica exchange True
Time 1000.00 swap btwn source 1.05 and target 0.95 accept 1.000 std 1.012
Time 975.98 swap btwn source 1.15 and target 0.95 accept 1.000 std 0.986
Time 887.74 swap btwn source 1.05 and target 0.95 accept 0.995 std 0.906
Time 851.33 swap btwn source 1.15 and target 0.95 accept 1.000 std 0.879
Time 710.47 swap btwn source 1.05 and target 0.95 accept 0.999 std 0.812
Time 648.86 swap btwn source 1.15 and target 0.95 accept 0.996 std 0.803
 We tsr by 1.10 with replica exchange False
 We tsr by 1.01 with replica exchange False
 We tsr by 1.05 with replica exchange False
 We tsr by 1.10 with replica exchange True
Time 1000.00 swap btwn source 1.10 and target 0.90 accept 1.000 std 1.036
Time 975.98 swap btwn source 1.30 and target 0.90 accept 0.999 std 1.011
Time 887.74 swap btwn source 1.10 and target 0.90 accept 0.982 std 0.927
Time 851.33 swap btwn source 1.30 and target 0.90 accept 0.999 std 0.896
Time 710.47 swap btwn source 1.10 and target 0.90 accept 0.994 std 0.804
Time 648.86 swap btwn source 1.30 and target 0.90 accept 0.987 std 0.778
 We tsr by 1.01 with replica exchange True
Time 1000.00 swap btwn source 1.01 and target 0.99 accept 1.000 std 0.993
Time 975.98 swap btwn source 1.03 and target 0.99 accept 1.000 std 0.968
Time 887.74 swap btwn source 1.01 and target 0.99 accept 1.000 std 0.885
Time 851.33 swap btwn source 1.03 and target 0.99 accept 1.000 std 0.854
Time 710.47 swap btwn source 1.01 and target 0.99 accept 1.000 std 0.764
Time 648.86 swap btwn source 1.03 and target 0.99 accept 1.000 std 0.743
 We tsr by 1.05 with replica exchange True
Time 1000.00 swap btwn source 1.05 and target 0.95 accept 1.000 std 1.013
Time 975.98 swap btwn source 1.15 and target 0.95 accept 1.000 std 0.987
Time 887.74 swap btwn source 1.05 and target 0.95 accept 0.995 std 0.903
Time 851.33 swap btwn source 1.15 and target 0.95 accept 1.000 std 0.873
Time 710.47 swap btwn source 1.05 and target 0.95 accept 0.998 std 0.783
Time 648.86 swap btwn source 1.15 and target 0.95 accept 0.994 std 0.760
 We tsr by 1.10 with replica exchange False
 We tsr by 1.01 with replica exchange False
 We tsr by 1.05 with replica exchange False
 We tsr by 1.10 with replica exchange True
Time 1000.00 swap btwn source 1.10 and target 0.90 accept 1.000 std 1.036
Time 975.98 swap btwn source 1.30 and target 0.90 accept 0.998 std 1.011
Time 887.74 swap btwn source 1.10 and target 0.90 accept 0.980 std 0.936
Time 851.33 swap btwn source 1.30 and target 0.90 accept 0.998 std 0.911
Time 710.47 swap btwn source 1.10 and target 0.90 accept 0.995 std 0.859
Time 648.86 swap btwn source 1.30 and target 0.90 accept 0.988 std 0.857
 We tsr by 1.01 with replica exchange True
Time 1000.00 swap btwn source 1.01 and target 0.99 accept 1.000 std 0.993
Time 975.98 swap btwn source 1.03 and target 0.99 accept 1.000 std 0.968
Time 887.74 swap btwn source 1.01 and target 0.99 accept 1.000 std 0.894
Time 851.33 swap btwn source 1.03 and target 0.99 accept 1.000 std 0.871
Time 710.47 swap btwn source 1.01 and target 0.99 accept 1.000 std 0.826
Time 648.86 swap btwn source 1.03 and target 0.99 accept 1.000 std 0.833
 We tsr by 1.05 with replica exchange True
Time 1000.00 swap btwn source 1.05 and target 0.95 accept 1.000 std 1.013
Time 975.98 swap btwn source 1.15 and target 0.95 accept 0.999 std 0.987
Time 887.74 swap btwn source 1.05 and target 0.95 accept 0.995 std 0.913
Time 851.33 swap btwn source 1.15 and target 0.95 accept 1.000 std 0.889
Time 710.47 swap btwn source 1.05 and target 0.95 accept 0.999 std 0.839
Time 648.86 swap btwn source 1.15 and target 0.95 accept 0.996 std 0.841
 We tsr by 1.10 with replica exchange False
 We tsr by 1.01 with replica exchange False
 We tsr by 1.05 with replica exchange False
 We tsr by 1.10 with replica exchange True
Time 1000.00 swap btwn source 1.10 and target 0.90 accept 1.000 std 1.036
Time 975.98 swap btwn source 1.30 and target 0.90 accept 0.999 std 1.012
Time 887.74 swap btwn source 1.10 and target 0.90 accept 0.982 std 0.928
Time 851.33 swap btwn source 1.30 and target 0.90 accept 0.999 std 0.897
Time 710.47 swap btwn source 1.10 and target 0.90 accept 0.994 std 0.803
Time 648.86 swap btwn source 1.30 and target 0.90 accept 0.988 std 0.775
 We tsr by 1.01 with replica exchange True
Time 1000.00 swap btwn source 1.01 and target 0.99 accept 1.000 std 0.993
Time 975.98 swap btwn source 1.03 and target 0.99 accept 1.000 std 0.969
Time 887.74 swap btwn source 1.01 and target 0.99 accept 1.000 std 0.884
Time 851.33 swap btwn source 1.03 and target 0.99 accept 1.000 std 0.854
Time 710.47 swap btwn source 1.01 and target 0.99 accept 1.000 std 0.762
Time 648.86 swap btwn source 1.03 and target 0.99 accept 1.000 std 0.739
 We tsr by 1.05 with replica exchange True
Time 1000.00 swap btwn source 1.05 and target 0.95 accept 1.000 std 1.013
Time 975.98 swap btwn source 1.15 and target 0.95 accept 1.000 std 0.988
Time 887.74 swap btwn source 1.05 and target 0.95 accept 0.995 std 0.903
Time 851.33 swap btwn source 1.15 and target 0.95 accept 1.000 std 0.873
Time 710.47 swap btwn source 1.05 and target 0.95 accept 0.998 std 0.779
Time 648.86 swap btwn source 1.15 and target 0.95 accept 0.995 std 0.753
 We tsr by 1.10 with replica exchange False
 We tsr by 1.01 with replica exchange False
 We tsr by 1.05 with replica exchange False
 We tsr by 1.10 with replica exchange True
Time 1000.00 swap btwn source 1.10 and target 0.90 accept 1.000 std 1.036
Time 975.98 swap btwn source 1.30 and target 0.90 accept 0.998 std 1.011
Time 887.74 swap btwn source 1.10 and target 0.90 accept 0.981 std 0.931
Time 851.33 swap btwn source 1.30 and target 0.90 accept 0.997 std 0.904
Time 710.47 swap btwn source 1.10 and target 0.90 accept 0.997 std 0.840
Time 648.86 swap btwn source 1.30 and target 0.90 accept 0.985 std 0.832
 We tsr by 1.01 with replica exchange True
Time 1000.00 swap btwn source 1.01 and target 0.99 accept 1.000 std 0.992
Time 975.98 swap btwn source 1.03 and target 0.99 accept 1.000 std 0.967
Time 887.74 swap btwn source 1.01 and target 0.99 accept 1.000 std 0.890
Time 851.33 swap btwn source 1.03 and target 0.99 accept 1.000 std 0.865
Time 710.47 swap btwn source 1.01 and target 0.99 accept 1.000 std 0.815
Time 648.86 swap btwn source 1.03 and target 0.99 accept 1.000 std 0.818
 We tsr by 1.05 with replica exchange True
Time 1000.00 swap btwn source 1.05 and target 0.95 accept 1.000 std 1.012
Time 975.98 swap btwn source 1.15 and target 0.95 accept 0.999 std 0.986
Time 887.74 swap btwn source 1.05 and target 0.95 accept 0.995 std 0.908
Time 851.33 swap btwn source 1.15 and target 0.95 accept 0.999 std 0.882
Time 710.47 swap btwn source 1.05 and target 0.95 accept 0.999 std 0.827
Time 648.86 swap btwn source 1.15 and target 0.95 accept 0.994 std 0.826
 We tsr by 1.10 with replica exchange False
 We tsr by 1.01 with replica exchange False
 We tsr by 1.05 with replica exchange False
 We tsr by 1.10 with replica exchange True
Time 1000.00 swap btwn source 1.10 and target 0.90 accept 1.000 std 1.036
Time 975.98 swap btwn source 1.30 and target 0.90 accept 0.999 std 1.011
Time 887.74 swap btwn source 1.10 and target 0.90 accept 0.982 std 0.927
Time 851.33 swap btwn source 1.30 and target 0.90 accept 0.998 std 0.896
Time 710.47 swap btwn source 1.10 and target 0.90 accept 0.991 std 0.808
Time 648.86 swap btwn source 1.30 and target 0.90 accept 0.977 std 0.785
 We tsr by 1.01 with replica exchange True
Time 1000.00 swap btwn source 1.01 and target 0.99 accept 1.000 std 0.993
Time 975.98 swap btwn source 1.03 and target 0.99 accept 1.000 std 0.967
Time 887.74 swap btwn source 1.01 and target 0.99 accept 1.000 std 0.883
Time 851.33 swap btwn source 1.03 and target 0.99 accept 1.000 std 0.852
Time 710.47 swap btwn source 1.01 and target 0.99 accept 1.000 std 0.763
Time 648.86 swap btwn source 1.03 and target 0.99 accept 0.999 std 0.741
 We tsr by 1.05 with replica exchange True
Time 1000.00 swap btwn source 1.05 and target 0.95 accept 1.000 std 1.012
Time 975.98 swap btwn source 1.15 and target 0.95 accept 1.000 std 0.987
Time 887.74 swap btwn source 1.05 and target 0.95 accept 0.995 std 0.903
Time 851.33 swap btwn source 1.15 and target 0.95 accept 1.000 std 0.872
Time 710.47 swap btwn source 1.05 and target 0.95 accept 0.996 std 0.782
Time 648.86 swap btwn source 1.15 and target 0.95 accept 0.989 std 0.758
 We tsr by 1.10 with replica exchange False
 We tsr by 1.01 with replica exchange False
 We tsr by 1.05 with replica exchange False
 We tsr by 1.10 with replica exchange True
Time 1000.00 swap btwn source 1.10 and target 0.90 accept 1.000 std 1.036
Time 975.98 swap btwn source 1.30 and target 0.90 accept 0.998 std 1.012
Time 887.74 swap btwn source 1.10 and target 0.90 accept 0.979 std 0.936
Time 851.33 swap btwn source 1.30 and target 0.90 accept 0.998 std 0.911
Time 710.47 swap btwn source 1.10 and target 0.90 accept 0.996 std 0.858
Time 648.86 swap btwn source 1.30 and target 0.90 accept 0.990 std 0.855
 We tsr by 1.01 with replica exchange True
Time 1000.00 swap btwn source 1.01 and target 0.99 accept 1.000 std 0.993
Time 975.98 swap btwn source 1.03 and target 0.99 accept 1.000 std 0.968
Time 887.74 swap btwn source 1.01 and target 0.99 accept 1.000 std 0.894
Time 851.33 swap btwn source 1.03 and target 0.99 accept 1.000 std 0.872
Time 710.47 swap btwn source 1.01 and target 0.99 accept 1.000 std 0.833
Time 648.86 swap btwn source 1.03 and target 0.99 accept 1.000 std 0.842
 We tsr by 1.05 with replica exchange True
Time 1000.00 swap btwn source 1.05 and target 0.95 accept 1.000 std 1.013
Time 975.98 swap btwn source 1.15 and target 0.95 accept 0.999 std 0.988
Time 887.74 swap btwn source 1.05 and target 0.95 accept 0.995 std 0.913
Time 851.33 swap btwn source 1.15 and target 0.95 accept 1.000 std 0.890
Time 710.47 swap btwn source 1.05 and target 0.95 accept 0.999 std 0.845
Time 648.86 swap btwn source 1.15 and target 0.95 accept 0.996 std 0.849
 We tsr by 1.10 with replica exchange False
 We tsr by 1.01 with replica exchange False
 We tsr by 1.05 with replica exchange False
 We tsr by 1.10 with replica exchange True
Time 1000.00 swap btwn source 1.10 and target 0.90 accept 1.000 std 1.036
Time 975.98 swap btwn source 1.30 and target 0.90 accept 0.998 std 1.011
Time 887.74 swap btwn source 1.10 and target 0.90 accept 0.979 std 0.931
Time 851.33 swap btwn source 1.30 and target 0.90 accept 0.997 std 0.904
Time 710.47 swap btwn source 1.10 and target 0.90 accept 0.995 std 0.841
Time 648.86 swap btwn source 1.30 and target 0.90 accept 0.989 std 0.834
 We tsr by 1.01 with replica exchange True
Time 1000.00 swap btwn source 1.01 and target 0.99 accept 1.000 std 0.993
Time 975.98 swap btwn source 1.03 and target 0.99 accept 1.000 std 0.968
Time 887.74 swap btwn source 1.01 and target 0.99 accept 1.000 std 0.890
Time 851.33 swap btwn source 1.03 and target 0.99 accept 1.000 std 0.865
Time 710.47 swap btwn source 1.01 and target 0.99 accept 1.000 std 0.816
Time 648.86 swap btwn source 1.03 and target 0.99 accept 0.999 std 0.821
 We tsr by 1.05 with replica exchange True
Time 1000.00 swap btwn source 1.05 and target 0.95 accept 1.000 std 1.013
Time 975.98 swap btwn source 1.15 and target 0.95 accept 0.999 std 0.987
Time 887.74 swap btwn source 1.05 and target 0.95 accept 0.995 std 0.908
Time 851.33 swap btwn source 1.15 and target 0.95 accept 0.999 std 0.882
Time 710.47 swap btwn source 1.05 and target 0.95 accept 0.999 std 0.828
Time 648.86 swap btwn source 1.15 and target 0.95 accept 0.993 std 0.828
 We tsr by 1.10 with replica exchange False
 We tsr by 1.01 with replica exchange False
 We tsr by 1.05 with replica exchange False
 We tsr by 1.10 with replica exchange True
Time 1000.00 swap btwn source 1.10 and target 0.90 accept 0.999 std 1.037
Time 975.98 swap btwn source 1.30 and target 0.90 accept 0.997 std 1.013
Time 887.74 swap btwn source 1.10 and target 0.90 accept 0.980 std 0.935
Time 851.33 swap btwn source 1.30 and target 0.90 accept 0.997 std 0.908
Time 710.47 swap btwn source 1.10 and target 0.90 accept 0.988 std 0.834
Time 648.86 swap btwn source 1.30 and target 0.90 accept 0.970 std 0.818
 We tsr by 1.01 with replica exchange True
Time 1000.00 swap btwn source 1.01 and target 0.99 accept 1.000 std 0.994
Time 975.98 swap btwn source 1.03 and target 0.99 accept 1.000 std 0.971
Time 887.74 swap btwn source 1.01 and target 0.99 accept 1.000 std 0.895
Time 851.33 swap btwn source 1.03 and target 0.99 accept 1.000 std 0.870
Time 710.47 swap btwn source 1.01 and target 0.99 accept 1.000 std 0.810
Time 648.86 swap btwn source 1.03 and target 0.99 accept 0.999 std 0.806
 We tsr by 1.05 with replica exchange True
Time 1000.00 swap btwn source 1.05 and target 0.95 accept 1.000 std 1.014
Time 975.98 swap btwn source 1.15 and target 0.95 accept 0.999 std 0.989
Time 887.74 swap btwn source 1.05 and target 0.95 accept 0.994 std 0.913
Time 851.33 swap btwn source 1.15 and target 0.95 accept 0.999 std 0.887
Time 710.47 swap btwn source 1.05 and target 0.95 accept 0.996 std 0.822
Time 648.86 swap btwn source 1.15 and target 0.95 accept 0.987 std 0.813
 We tsr by 1.10 with replica exchange False
 We tsr by 1.01 with replica exchange False
 We tsr by 1.05 with replica exchange False
 We tsr by 1.10 with replica exchange True
Time 1000.00 swap btwn source 1.10 and target 0.90 accept 1.000 std 1.037
Time 975.98 swap btwn source 1.30 and target 0.90 accept 0.999 std 1.012
Time 887.74 swap btwn source 1.10 and target 0.90 accept 0.982 std 0.925
Time 851.33 swap btwn source 1.30 and target 0.90 accept 0.999 std 0.894
Time 710.47 swap btwn source 1.10 and target 0.90 accept 0.996 std 0.793
Time 648.86 swap btwn source 1.30 and target 0.90 accept 0.989 std 0.761
 We tsr by 1.01 with replica exchange True
Time 1000.00 swap btwn source 1.01 and target 0.99 accept 1.000 std 0.994
Time 975.98 swap btwn source 1.03 and target 0.99 accept 1.000 std 0.969
Time 887.74 swap btwn source 1.01 and target 0.99 accept 1.000 std 0.884
Time 851.33 swap btwn source 1.03 and target 0.99 accept 1.000 std 0.853
Time 710.47 swap btwn source 1.01 and target 0.99 accept 1.000 std 0.759
Time 648.86 swap btwn source 1.03 and target 0.99 accept 1.000 std 0.734
 We tsr by 1.05 with replica exchange True
Time 1000.00 swap btwn source 1.05 and target 0.95 accept 1.000 std 1.013
Time 975.98 swap btwn source 1.15 and target 0.95 accept 1.000 std 0.988
Time 887.74 swap btwn source 1.05 and target 0.95 accept 0.995 std 0.902
Time 851.33 swap btwn source 1.15 and target 0.95 accept 1.000 std 0.870
Time 710.47 swap btwn source 1.05 and target 0.95 accept 0.999 std 0.772
Time 648.86 swap btwn source 1.15 and target 0.95 accept 0.995 std 0.743
 We tsr by 1.10 with replica exchange False
 We tsr by 1.01 with replica exchange False
 We tsr by 1.05 with replica exchange False
 We tsr by 1.10 with replica exchange True
Time 1000.00 swap btwn source 1.10 and target 0.90 accept 0.999 std 1.037
Time 975.98 swap btwn source 1.30 and target 0.90 accept 0.998 std 1.011
Time 887.74 swap btwn source 1.10 and target 0.90 accept 0.976 std 0.933
Time 851.33 swap btwn source 1.30 and target 0.90 accept 0.999 std 0.908
Time 710.47 swap btwn source 1.10 and target 0.90 accept 0.998 std 0.854
Time 648.86 swap btwn source 1.30 and target 0.90 accept 0.994 std 0.852
 We tsr by 1.01 with replica exchange True
Time 1000.00 swap btwn source 1.01 and target 0.99 accept 1.000 std 0.993
Time 975.98 swap btwn source 1.03 and target 0.99 accept 1.000 std 0.968
Time 887.74 swap btwn source 1.01 and target 0.99 accept 1.000 std 0.892
Time 851.33 swap btwn source 1.03 and target 0.99 accept 1.000 std 0.869
Time 710.47 swap btwn source 1.01 and target 0.99 accept 1.000 std 0.828
Time 648.86 swap btwn source 1.03 and target 0.99 accept 1.000 std 0.837
 We tsr by 1.05 with replica exchange True
Time 1000.00 swap btwn source 1.05 and target 0.95 accept 1.000 std 1.013
Time 975.98 swap btwn source 1.15 and target 0.95 accept 0.999 std 0.987
Time 887.74 swap btwn source 1.05 and target 0.95 accept 0.995 std 0.911
Time 851.33 swap btwn source 1.15 and target 0.95 accept 1.000 std 0.888
Time 710.47 swap btwn source 1.05 and target 0.95 accept 0.999 std 0.844
Time 648.86 swap btwn source 1.15 and target 0.95 accept 0.997 std 0.850
 We tsr by 1.10 with replica exchange False
 We tsr by 1.01 with replica exchange False
 We tsr by 1.05 with replica exchange False
 We tsr by 1.10 with replica exchange True
Time 1000.00 swap btwn source 1.10 and target 0.90 accept 1.000 std 1.037
Time 975.98 swap btwn source 1.30 and target 0.90 accept 0.999 std 1.015
Time 887.74 swap btwn source 1.10 and target 0.90 accept 0.983 std 0.932
Time 851.33 swap btwn source 1.30 and target 0.90 accept 0.998 std 0.900
Time 710.47 swap btwn source 1.10 and target 0.90 accept 0.996 std 0.800
Time 648.86 swap btwn source 1.30 and target 0.90 accept 0.985 std 0.769
 We tsr by 1.01 with replica exchange True
Time 1000.00 swap btwn source 1.01 and target 0.99 accept 1.000 std 0.995
Time 975.98 swap btwn source 1.03 and target 0.99 accept 1.000 std 0.972
Time 887.74 swap btwn source 1.01 and target 0.99 accept 1.000 std 0.889
Time 851.33 swap btwn source 1.03 and target 0.99 accept 1.000 std 0.858
Time 710.47 swap btwn source 1.01 and target 0.99 accept 1.000 std 0.764
Time 648.86 swap btwn source 1.03 and target 0.99 accept 0.998 std 0.738
 We tsr by 1.05 with replica exchange True
Time 1000.00 swap btwn source 1.05 and target 0.95 accept 1.000 std 1.014
Time 975.98 swap btwn source 1.15 and target 0.95 accept 0.999 std 0.991
Time 887.74 swap btwn source 1.05 and target 0.95 accept 0.996 std 0.910
Time 851.33 swap btwn source 1.15 and target 0.95 accept 0.999 std 0.879
Time 710.47 swap btwn source 1.05 and target 0.95 accept 0.997 std 0.787
Time 648.86 swap btwn source 1.15 and target 0.95 accept 0.989 std 0.761
 We tsr by 1.10 with replica exchange False
 We tsr by 1.01 with replica exchange False
 We tsr by 1.05 with replica exchange False
 We tsr by 1.10 with replica exchange True
Time 1000.00 swap btwn source 1.10 and target 0.90 accept 1.000 std 1.036
Time 975.98 swap btwn source 1.30 and target 0.90 accept 0.999 std 1.011
Time 887.74 swap btwn source 1.10 and target 0.90 accept 0.981 std 0.926
Time 851.33 swap btwn source 1.30 and target 0.90 accept 0.999 std 0.896
Time 710.47 swap btwn source 1.10 and target 0.90 accept 0.994 std 0.803
Time 648.86 swap btwn source 1.30 and target 0.90 accept 0.985 std 0.777
 We tsr by 1.01 with replica exchange True
Time 1000.00 swap btwn source 1.01 and target 0.99 accept 1.000 std 0.993
Time 975.98 swap btwn source 1.03 and target 0.99 accept 1.000 std 0.968
Time 887.74 swap btwn source 1.01 and target 0.99 accept 1.000 std 0.885
Time 851.33 swap btwn source 1.03 and target 0.99 accept 1.000 std 0.855
Time 710.47 swap btwn source 1.01 and target 0.99 accept 1.000 std 0.767
Time 648.86 swap btwn source 1.03 and target 0.99 accept 1.000 std 0.746
 We tsr by 1.05 with replica exchange True
Time 1000.00 swap btwn source 1.05 and target 0.95 accept 1.000 std 1.013
Time 975.98 swap btwn source 1.15 and target 0.95 accept 1.000 std 0.987
Time 887.74 swap btwn source 1.05 and target 0.95 accept 0.995 std 0.903
Time 851.33 swap btwn source 1.15 and target 0.95 accept 1.000 std 0.873
Time 710.47 swap btwn source 1.05 and target 0.95 accept 0.998 std 0.783
Time 648.86 swap btwn source 1.15 and target 0.95 accept 0.994 std 0.759
 We tsr by 1.10 with replica exchange False
 We tsr by 1.01 with replica exchange False
 We tsr by 1.05 with replica exchange False
 We tsr by 1.10 with replica exchange True
Time 1000.00 swap btwn source 1.10 and target 0.90 accept 1.000 std 1.037
Time 975.98 swap btwn source 1.30 and target 0.90 accept 0.999 std 1.013
Time 887.74 swap btwn source 1.10 and target 0.90 accept 0.973 std 0.937
Time 851.33 swap btwn source 1.30 and target 0.90 accept 0.998 std 0.913
Time 710.47 swap btwn source 1.10 and target 0.90 accept 0.996 std 0.855
Time 648.86 swap btwn source 1.30 and target 0.90 accept 0.991 std 0.851
 We tsr by 1.01 with replica exchange True
Time 1000.00 swap btwn source 1.01 and target 0.99 accept 1.000 std 0.993
Time 975.98 swap btwn source 1.03 and target 0.99 accept 1.000 std 0.969
Time 887.74 swap btwn source 1.01 and target 0.99 accept 1.000 std 0.896
Time 851.33 swap btwn source 1.03 and target 0.99 accept 1.000 std 0.874
Time 710.47 swap btwn source 1.01 and target 0.99 accept 1.000 std 0.837
Time 648.86 swap btwn source 1.03 and target 0.99 accept 1.000 std 0.848
 We tsr by 1.05 with replica exchange True
Time 1000.00 swap btwn source 1.05 and target 0.95 accept 1.000 std 1.013
Time 975.98 swap btwn source 1.15 and target 0.95 accept 1.000 std 0.988
Time 887.74 swap btwn source 1.05 and target 0.95 accept 0.993 std 0.914
Time 851.33 swap btwn source 1.15 and target 0.95 accept 0.999 std 0.890
Time 710.47 swap btwn source 1.05 and target 0.95 accept 0.997 std 0.843
Time 648.86 swap btwn source 1.15 and target 0.95 accept 0.994 std 0.846
 We tsr by 1.10 with replica exchange False
 We tsr by 1.01 with replica exchange False
 We tsr by 1.05 with replica exchange False
 We tsr by 1.10 with replica exchange True
Time 1000.00 swap btwn source 1.10 and target 0.90 accept 1.000 std 1.037
Time 975.98 swap btwn source 1.30 and target 0.90 accept 0.998 std 1.013
Time 887.74 swap btwn source 1.10 and target 0.90 accept 0.978 std 0.940
Time 851.33 swap btwn source 1.30 and target 0.90 accept 0.998 std 0.917
Time 710.47 swap btwn source 1.10 and target 0.90 accept 0.996 std 0.872
Time 648.86 swap btwn source 1.30 and target 0.90 accept 0.989 std 0.874
 We tsr by 1.01 with replica exchange True
Time 1000.00 swap btwn source 1.01 and target 0.99 accept 1.000 std 0.993
Time 975.98 swap btwn source 1.03 and target 0.99 accept 1.000 std 0.970
Time 887.74 swap btwn source 1.01 and target 0.99 accept 1.000 std 0.899
Time 851.33 swap btwn source 1.03 and target 0.99 accept 1.000 std 0.878
Time 710.47 swap btwn source 1.01 and target 0.99 accept 1.000 std 0.850
Time 648.86 swap btwn source 1.03 and target 0.99 accept 0.999 std 0.864
 We tsr by 1.05 with replica exchange True
Time 1000.00 swap btwn source 1.05 and target 0.95 accept 1.000 std 1.013
Time 975.98 swap btwn source 1.15 and target 0.95 accept 0.999 std 0.989
Time 887.74 swap btwn source 1.05 and target 0.95 accept 0.994 std 0.917
Time 851.33 swap btwn source 1.15 and target 0.95 accept 0.999 std 0.896
Time 710.47 swap btwn source 1.05 and target 0.95 accept 0.999 std 0.860
Time 648.86 swap btwn source 1.15 and target 0.95 accept 0.995 std 0.870
 We tsr by 1.10 with replica exchange False
 We tsr by 1.01 with replica exchange False
 We tsr by 1.05 with replica exchange False
 We tsr by 1.10 with replica exchange True
Time 1000.00 swap btwn source 1.10 and target 0.90 accept 1.000 std 1.036
Time 975.98 swap btwn source 1.30 and target 0.90 accept 0.998 std 1.011
Time 887.74 swap btwn source 1.10 and target 0.90 accept 0.980 std 0.934
Time 851.33 swap btwn source 1.30 and target 0.90 accept 0.998 std 0.909
Time 710.47 swap btwn source 1.10 and target 0.90 accept 0.995 std 0.850
Time 648.86 swap btwn source 1.30 and target 0.90 accept 0.987 std 0.845
 We tsr by 1.01 with replica exchange True
Time 1000.00 swap btwn source 1.01 and target 0.99 accept 1.000 std 0.993
Time 975.98 swap btwn source 1.03 and target 0.99 accept 1.000 std 0.968
Time 887.74 swap btwn source 1.01 and target 0.99 accept 1.000 std 0.893
Time 851.33 swap btwn source 1.03 and target 0.99 accept 1.000 std 0.870
Time 710.47 swap btwn source 1.01 and target 0.99 accept 1.000 std 0.825
Time 648.86 swap btwn source 1.03 and target 0.99 accept 1.000 std 0.831
 We tsr by 1.05 with replica exchange True
Time 1000.00 swap btwn source 1.05 and target 0.95 accept 1.000 std 1.012
Time 975.98 swap btwn source 1.15 and target 0.95 accept 0.999 std 0.987
Time 887.74 swap btwn source 1.05 and target 0.95 accept 0.995 std 0.912
Time 851.33 swap btwn source 1.15 and target 0.95 accept 1.000 std 0.887
Time 710.47 swap btwn source 1.05 and target 0.95 accept 0.999 std 0.834
Time 648.86 swap btwn source 1.15 and target 0.95 accept 0.997 std 0.835
 We tsr by 1.10 with replica exchange False
 We tsr by 1.01 with replica exchange False
 We tsr by 1.05 with replica exchange False
 We tsr by 1.10 with replica exchange True
Time 1000.00 swap btwn source 1.10 and target 0.90 accept 1.000 std 1.037
Time 975.98 swap btwn source 1.30 and target 0.90 accept 0.999 std 1.013
Time 887.74 swap btwn source 1.10 and target 0.90 accept 0.979 std 0.935
Time 851.33 swap btwn source 1.30 and target 0.90 accept 0.997 std 0.907
Time 710.47 swap btwn source 1.10 and target 0.90 accept 0.994 std 0.834
Time 648.86 swap btwn source 1.30 and target 0.90 accept 0.986 std 0.820
 We tsr by 1.01 with replica exchange True
Time 1000.00 swap btwn source 1.01 and target 0.99 accept 1.000 std 0.993
Time 975.98 swap btwn source 1.03 and target 0.99 accept 1.000 std 0.970
Time 887.74 swap btwn source 1.01 and target 0.99 accept 1.000 std 0.894
Time 851.33 swap btwn source 1.03 and target 0.99 accept 1.000 std 0.868
Time 710.47 swap btwn source 1.01 and target 0.99 accept 1.000 std 0.808
Time 648.86 swap btwn source 1.03 and target 0.99 accept 0.999 std 0.805
 We tsr by 1.05 with replica exchange True
Time 1000.00 swap btwn source 1.05 and target 0.95 accept 1.000 std 1.013
Time 975.98 swap btwn source 1.15 and target 0.95 accept 0.999 std 0.989
Time 887.74 swap btwn source 1.05 and target 0.95 accept 0.995 std 0.913
Time 851.33 swap btwn source 1.15 and target 0.95 accept 0.999 std 0.887
Time 710.47 swap btwn source 1.05 and target 0.95 accept 0.998 std 0.825
Time 648.86 swap btwn source 1.15 and target 0.95 accept 0.993 std 0.819
 We tsr by 1.10 with replica exchange False
 We tsr by 1.01 with replica exchange False
 We tsr by 1.05 with replica exchange False
 We tsr by 1.10 with replica exchange True
Time 1000.00 swap btwn source 1.10 and target 0.90 accept 1.000 std 1.036
Time 975.98 swap btwn source 1.30 and target 0.90 accept 0.998 std 1.011
Time 887.74 swap btwn source 1.10 and target 0.90 accept 0.980 std 0.934
Time 851.33 swap btwn source 1.30 and target 0.90 accept 0.999 std 0.909
Time 710.47 swap btwn source 1.10 and target 0.90 accept 0.998 std 0.854
Time 648.86 swap btwn source 1.30 and target 0.90 accept 0.992 std 0.852
 We tsr by 1.01 with replica exchange True
Time 1000.00 swap btwn source 1.01 and target 0.99 accept 1.000 std 0.993
Time 975.98 swap btwn source 1.03 and target 0.99 accept 1.000 std 0.968
Time 887.74 swap btwn source 1.01 and target 0.99 accept 1.000 std 0.893
Time 851.33 swap btwn source 1.03 and target 0.99 accept 1.000 std 0.870
Time 710.47 swap btwn source 1.01 and target 0.99 accept 1.000 std 0.830
Time 648.86 swap btwn source 1.03 and target 0.99 accept 1.000 std 0.839
 We tsr by 1.05 with replica exchange True
Time 1000.00 swap btwn source 1.05 and target 0.95 accept 1.000 std 1.012
Time 975.98 swap btwn source 1.15 and target 0.95 accept 1.000 std 0.987
Time 887.74 swap btwn source 1.05 and target 0.95 accept 0.995 std 0.911
Time 851.33 swap btwn source 1.15 and target 0.95 accept 1.000 std 0.887
Time 710.47 swap btwn source 1.05 and target 0.95 accept 1.000 std 0.840
Time 648.86 swap btwn source 1.15 and target 0.95 accept 0.998 std 0.844
 We tsr by 1.10 with replica exchange False
 We tsr by 1.01 with replica exchange False
 We tsr by 1.05 with replica exchange False
 We tsr by 1.10 with replica exchange True
Time 1000.00 swap btwn source 1.10 and target 0.90 accept 0.999 std 1.036
Time 975.98 swap btwn source 1.30 and target 0.90 accept 0.998 std 1.012
Time 887.74 swap btwn source 1.10 and target 0.90 accept 0.982 std 0.935
Time 851.33 swap btwn source 1.30 and target 0.90 accept 0.996 std 0.909
Time 710.47 swap btwn source 1.10 and target 0.90 accept 0.994 std 0.844
Time 648.86 swap btwn source 1.30 and target 0.90 accept 0.977 std 0.834
 We tsr by 1.01 with replica exchange True
Time 1000.00 swap btwn source 1.01 and target 0.99 accept 1.000 std 0.993
Time 975.98 swap btwn source 1.03 and target 0.99 accept 1.000 std 0.967
Time 887.74 swap btwn source 1.01 and target 0.99 accept 1.000 std 0.892
Time 851.33 swap btwn source 1.03 and target 0.99 accept 1.000 std 0.868
Time 710.47 swap btwn source 1.01 and target 0.99 accept 1.000 std 0.819
Time 648.86 swap btwn source 1.03 and target 0.99 accept 0.999 std 0.822
 We tsr by 1.05 with replica exchange True
Time 1000.00 swap btwn source 1.05 and target 0.95 accept 1.000 std 1.012
Time 975.98 swap btwn source 1.15 and target 0.95 accept 0.999 std 0.987
Time 887.74 swap btwn source 1.05 and target 0.95 accept 0.996 std 0.912
Time 851.33 swap btwn source 1.15 and target 0.95 accept 0.999 std 0.888
Time 710.47 swap btwn source 1.05 and target 0.95 accept 0.995 std 0.835
Time 648.86 swap btwn source 1.15 and target 0.95 accept 0.983 std 0.834
 We tsr by 1.10 with replica exchange False
 We tsr by 1.01 with replica exchange False
 We tsr by 1.05 with replica exchange False
 We tsr by 1.10 with replica exchange True
Time 1000.00 swap btwn source 1.10 and target 0.90 accept 0.999 std 1.036
Time 975.98 swap btwn source 1.30 and target 0.90 accept 0.999 std 1.010
Time 887.74 swap btwn source 1.10 and target 0.90 accept 0.979 std 0.932
Time 851.33 swap btwn source 1.30 and target 0.90 accept 0.999 std 0.905
Time 710.47 swap btwn source 1.10 and target 0.90 accept 0.997 std 0.843
Time 648.86 swap btwn source 1.30 and target 0.90 accept 0.993 std 0.836
 We tsr by 1.01 with replica exchange True
Time 1000.00 swap btwn source 1.01 and target 0.99 accept 1.000 std 0.993
Time 975.98 swap btwn source 1.03 and target 0.99 accept 1.000 std 0.967
Time 887.74 swap btwn source 1.01 and target 0.99 accept 1.000 std 0.892
Time 851.33 swap btwn source 1.03 and target 0.99 accept 1.000 std 0.868
Time 710.47 swap btwn source 1.01 and target 0.99 accept 1.000 std 0.818
Time 648.86 swap btwn source 1.03 and target 0.99 accept 1.000 std 0.821
 We tsr by 1.05 with replica exchange True
Time 1000.00 swap btwn source 1.05 and target 0.95 accept 1.000 std 1.012
Time 975.98 swap btwn source 1.15 and target 0.95 accept 1.000 std 0.986
Time 887.74 swap btwn source 1.05 and target 0.95 accept 0.995 std 0.910
Time 851.33 swap btwn source 1.15 and target 0.95 accept 1.000 std 0.885
Time 710.47 swap btwn source 1.05 and target 0.95 accept 0.999 std 0.830
Time 648.86 swap btwn source 1.15 and target 0.95 accept 0.998 std 0.828
 We tsr by 1.10 with replica exchange False
 We tsr by 1.01 with replica exchange False
 We tsr by 1.05 with replica exchange False
 We tsr by 1.10 with replica exchange True
Time 1000.00 swap btwn source 1.10 and target 0.90 accept 1.000 std 1.036
Time 975.98 swap btwn source 1.30 and target 0.90 accept 0.999 std 1.011
Time 887.74 swap btwn source 1.10 and target 0.90 accept 0.982 std 0.929
Time 851.33 swap btwn source 1.30 and target 0.90 accept 0.996 std 0.899
Time 710.47 swap btwn source 1.10 and target 0.90 accept 0.996 std 0.815
Time 648.86 swap btwn source 1.30 and target 0.90 accept 0.984 std 0.795
 We tsr by 1.01 with replica exchange True
Time 1000.00 swap btwn source 1.01 and target 0.99 accept 1.000 std 0.993
Time 975.98 swap btwn source 1.03 and target 0.99 accept 1.000 std 0.968
Time 887.74 swap btwn source 1.01 and target 0.99 accept 1.000 std 0.889
Time 851.33 swap btwn source 1.03 and target 0.99 accept 1.000 std 0.863
Time 710.47 swap btwn source 1.01 and target 0.99 accept 1.000 std 0.800
Time 648.86 swap btwn source 1.03 and target 0.99 accept 0.999 std 0.795
 We tsr by 1.05 with replica exchange True
Time 1000.00 swap btwn source 1.05 and target 0.95 accept 1.000 std 1.012
Time 975.98 swap btwn source 1.15 and target 0.95 accept 1.000 std 0.987
Time 887.74 swap btwn source 1.05 and target 0.95 accept 0.995 std 0.906
Time 851.33 swap btwn source 1.15 and target 0.95 accept 0.999 std 0.878
Time 710.47 swap btwn source 1.05 and target 0.95 accept 0.999 std 0.805
Time 648.86 swap btwn source 1.15 and target 0.95 accept 0.993 std 0.792
 We tsr by 1.10 with replica exchange False
 We tsr by 1.01 with replica exchange False
 We tsr by 1.05 with replica exchange False
 We tsr by 1.10 with replica exchange True
Time 1000.00 swap btwn source 1.10 and target 0.90 accept 1.000 std 1.037
Time 975.98 swap btwn source 1.30 and target 0.90 accept 0.999 std 1.011
Time 887.74 swap btwn source 1.10 and target 0.90 accept 0.981 std 0.926
Time 851.33 swap btwn source 1.30 and target 0.90 accept 0.999 std 0.896
Time 710.47 swap btwn source 1.10 and target 0.90 accept 0.996 std 0.807
Time 648.86 swap btwn source 1.30 and target 0.90 accept 0.987 std 0.783
 We tsr by 1.01 with replica exchange True
Time 1000.00 swap btwn source 1.01 and target 0.99 accept 1.000 std 0.993
Time 975.98 swap btwn source 1.03 and target 0.99 accept 1.000 std 0.967
Time 887.74 swap btwn source 1.01 and target 0.99 accept 1.000 std 0.883
Time 851.33 swap btwn source 1.03 and target 0.99 accept 1.000 std 0.852
Time 710.47 swap btwn source 1.01 and target 0.99 accept 1.000 std 0.764
Time 648.86 swap btwn source 1.03 and target 0.99 accept 0.999 std 0.743
 We tsr by 1.05 with replica exchange True
Time 1000.00 swap btwn source 1.05 and target 0.95 accept 1.000 std 1.013
Time 975.98 swap btwn source 1.15 and target 0.95 accept 1.000 std 0.986
Time 887.74 swap btwn source 1.05 and target 0.95 accept 0.996 std 0.902
Time 851.33 swap btwn source 1.15 and target 0.95 accept 1.000 std 0.872
Time 710.47 swap btwn source 1.05 and target 0.95 accept 0.999 std 0.782
Time 648.86 swap btwn source 1.15 and target 0.95 accept 0.995 std 0.760
 We tsr by 1.10 with replica exchange False
 We tsr by 1.01 with replica exchange False
 We tsr by 1.05 with replica exchange False
 We tsr by 1.10 with replica exchange True
Time 1000.00 swap btwn source 1.10 and target 0.90 accept 1.000 std 1.036
Time 975.98 swap btwn source 1.30 and target 0.90 accept 0.997 std 1.012
Time 887.74 swap btwn source 1.10 and target 0.90 accept 0.981 std 0.932
Time 851.33 swap btwn source 1.30 and target 0.90 accept 0.999 std 0.903
Time 710.47 swap btwn source 1.10 and target 0.90 accept 0.989 std 0.825
Time 648.86 swap btwn source 1.30 and target 0.90 accept 0.974 std 0.808
 We tsr by 1.01 with replica exchange True
Time 1000.00 swap btwn source 1.01 and target 0.99 accept 1.000 std 0.993
Time 975.98 swap btwn source 1.03 and target 0.99 accept 1.000 std 0.968
Time 887.74 swap btwn source 1.01 and target 0.99 accept 1.000 std 0.889
Time 851.33 swap btwn source 1.03 and target 0.99 accept 1.000 std 0.860
Time 710.47 swap btwn source 1.01 and target 0.99 accept 1.000 std 0.780
Time 648.86 swap btwn source 1.03 and target 0.99 accept 1.000 std 0.763
 We tsr by 1.05 with replica exchange True
Time 1000.00 swap btwn source 1.05 and target 0.95 accept 1.000 std 1.012
Time 975.98 swap btwn source 1.15 and target 0.95 accept 1.000 std 0.988
Time 887.74 swap btwn source 1.05 and target 0.95 accept 0.995 std 0.907
Time 851.33 swap btwn source 1.15 and target 0.95 accept 1.000 std 0.878
Time 710.47 swap btwn source 1.05 and target 0.95 accept 0.998 std 0.796
Time 648.86 swap btwn source 1.15 and target 0.95 accept 0.993 std 0.777
 We tsr by 1.10 with replica exchange False
 We tsr by 1.01 with replica exchange False
 We tsr by 1.05 with replica exchange False
 We tsr by 1.10 with replica exchange True
Time 1000.00 swap btwn source 1.10 and target 0.90 accept 1.000 std 1.036
Time 975.98 swap btwn source 1.30 and target 0.90 accept 0.998 std 1.010
Time 887.74 swap btwn source 1.10 and target 0.90 accept 0.982 std 0.927
Time 851.33 swap btwn source 1.30 and target 0.90 accept 0.998 std 0.897
Time 710.47 swap btwn source 1.10 and target 0.90 accept 0.996 std 0.812
Time 648.86 swap btwn source 1.30 and target 0.90 accept 0.984 std 0.791
 We tsr by 1.01 with replica exchange True
Time 1000.00 swap btwn source 1.01 and target 0.99 accept 1.000 std 0.993
Time 975.98 swap btwn source 1.03 and target 0.99 accept 1.000 std 0.967
Time 887.74 swap btwn source 1.01 and target 0.99 accept 1.000 std 0.885
Time 851.33 swap btwn source 1.03 and target 0.99 accept 1.000 std 0.855
Time 710.47 swap btwn source 1.01 and target 0.99 accept 1.000 std 0.775
Time 648.86 swap btwn source 1.03 and target 0.99 accept 0.999 std 0.760
 We tsr by 1.05 with replica exchange True
Time 1000.00 swap btwn source 1.05 and target 0.95 accept 1.000 std 1.012
Time 975.98 swap btwn source 1.15 and target 0.95 accept 0.999 std 0.986
Time 887.74 swap btwn source 1.05 and target 0.95 accept 0.995 std 0.904
Time 851.33 swap btwn source 1.15 and target 0.95 accept 0.999 std 0.875
Time 710.47 swap btwn source 1.05 and target 0.95 accept 0.998 std 0.793
Time 648.86 swap btwn source 1.15 and target 0.95 accept 0.991 std 0.775
 We tsr by 1.10 with replica exchange False
 We tsr by 1.01 with replica exchange False
 We tsr by 1.05 with replica exchange False
 We tsr by 1.10 with replica exchange True
Time 1000.00 swap btwn source 1.10 and target 0.90 accept 1.000 std 1.036
Time 975.98 swap btwn source 1.30 and target 0.90 accept 0.999 std 1.010
Time 887.74 swap btwn source 1.10 and target 0.90 accept 0.982 std 0.923
Time 851.33 swap btwn source 1.30 and target 0.90 accept 0.999 std 0.892
Time 710.47 swap btwn source 1.10 and target 0.90 accept 0.997 std 0.797
Time 648.86 swap btwn source 1.30 and target 0.90 accept 0.990 std 0.770
 We tsr by 1.01 with replica exchange True
Time 1000.00 swap btwn source 1.01 and target 0.99 accept 1.000 std 0.993
Time 975.98 swap btwn source 1.03 and target 0.99 accept 1.000 std 0.967
Time 887.74 swap btwn source 1.01 and target 0.99 accept 1.000 std 0.882
Time 851.33 swap btwn source 1.03 and target 0.99 accept 1.000 std 0.851
Time 710.47 swap btwn source 1.01 and target 0.99 accept 1.000 std 0.762
Time 648.86 swap btwn source 1.03 and target 0.99 accept 1.000 std 0.740
 We tsr by 1.05 with replica exchange True
Time 1000.00 swap btwn source 1.05 and target 0.95 accept 1.000 std 1.013
Time 975.98 swap btwn source 1.15 and target 0.95 accept 1.000 std 0.986
Time 887.74 swap btwn source 1.05 and target 0.95 accept 0.996 std 0.900
Time 851.33 swap btwn source 1.15 and target 0.95 accept 1.000 std 0.869
Time 710.47 swap btwn source 1.05 and target 0.95 accept 0.999 std 0.777
Time 648.86 swap btwn source 1.15 and target 0.95 accept 0.995 std 0.753
 We tsr by 1.10 with replica exchange False
 We tsr by 1.01 with replica exchange False
 We tsr by 1.05 with replica exchange False
 We tsr by 1.10 with replica exchange True
Time 1000.00 swap btwn source 1.10 and target 0.90 accept 1.000 std 1.037
Time 975.98 swap btwn source 1.30 and target 0.90 accept 0.999 std 1.012
Time 887.74 swap btwn source 1.10 and target 0.90 accept 0.981 std 0.929
Time 851.33 swap btwn source 1.30 and target 0.90 accept 0.998 std 0.899
Time 710.47 swap btwn source 1.10 and target 0.90 accept 0.994 std 0.816
Time 648.86 swap btwn source 1.30 and target 0.90 accept 0.985 std 0.796
 We tsr by 1.01 with replica exchange True
Time 1000.00 swap btwn source 1.01 and target 0.99 accept 1.000 std 0.993
Time 975.98 swap btwn source 1.03 and target 0.99 accept 1.000 std 0.969
Time 887.74 swap btwn source 1.01 and target 0.99 accept 1.000 std 0.888
Time 851.33 swap btwn source 1.03 and target 0.99 accept 1.000 std 0.860
Time 710.47 swap btwn source 1.01 and target 0.99 accept 1.000 std 0.789
Time 648.86 swap btwn source 1.03 and target 0.99 accept 0.999 std 0.779
 We tsr by 1.05 with replica exchange True
Time 1000.00 swap btwn source 1.05 and target 0.95 accept 1.000 std 1.013
Time 975.98 swap btwn source 1.15 and target 0.95 accept 1.000 std 0.988
Time 887.74 swap btwn source 1.05 and target 0.95 accept 0.995 std 0.906
Time 851.33 swap btwn source 1.15 and target 0.95 accept 1.000 std 0.877
Time 710.47 swap btwn source 1.05 and target 0.95 accept 0.999 std 0.798
Time 648.86 swap btwn source 1.15 and target 0.95 accept 0.995 std 0.783
 We tsr by 1.10 with replica exchange False
 We tsr by 1.01 with replica exchange False
 We tsr by 1.05 with replica exchange False
 We tsr by 1.10 with replica exchange True
Time 1000.00 swap btwn source 1.10 and target 0.90 accept 1.000 std 1.036
Time 975.98 swap btwn source 1.30 and target 0.90 accept 0.999 std 1.009
Time 887.74 swap btwn source 1.10 and target 0.90 accept 0.982 std 0.923
Time 851.33 swap btwn source 1.30 and target 0.90 accept 0.998 std 0.893
Time 710.47 swap btwn source 1.10 and target 0.90 accept 0.996 std 0.805
Time 648.86 swap btwn source 1.30 and target 0.90 accept 0.987 std 0.782
 We tsr by 1.01 with replica exchange True
Time 1000.00 swap btwn source 1.01 and target 0.99 accept 1.000 std 0.993
Time 975.98 swap btwn source 1.03 and target 0.99 accept 1.000 std 0.966
Time 887.74 swap btwn source 1.01 and target 0.99 accept 1.000 std 0.882
Time 851.33 swap btwn source 1.03 and target 0.99 accept 1.000 std 0.852
Time 710.47 swap btwn source 1.01 and target 0.99 accept 1.000 std 0.771
Time 648.86 swap btwn source 1.03 and target 0.99 accept 0.999 std 0.754
 We tsr by 1.05 with replica exchange True
Time 1000.00 swap btwn source 1.05 and target 0.95 accept 1.000 std 1.012
Time 975.98 swap btwn source 1.15 and target 0.95 accept 1.000 std 0.985
Time 887.74 swap btwn source 1.05 and target 0.95 accept 0.995 std 0.901
Time 851.33 swap btwn source 1.15 and target 0.95 accept 0.999 std 0.871
Time 710.47 swap btwn source 1.05 and target 0.95 accept 0.998 std 0.788
Time 648.86 swap btwn source 1.15 and target 0.95 accept 0.993 std 0.770
 We tsr by 1.10 with replica exchange False
 We tsr by 1.01 with replica exchange False
 We tsr by 1.05 with replica exchange False
 We tsr by 1.10 with replica exchange True
Time 1000.00 swap btwn source 1.10 and target 0.90 accept 1.000 std 1.036
Time 975.98 swap btwn source 1.30 and target 0.90 accept 0.998 std 1.011
Time 887.74 swap btwn source 1.10 and target 0.90 accept 0.979 std 0.936
Time 851.33 swap btwn source 1.30 and target 0.90 accept 0.998 std 0.910
Time 710.47 swap btwn source 1.10 and target 0.90 accept 0.997 std 0.854
Time 648.86 swap btwn source 1.30 and target 0.90 accept 0.988 std 0.851
 We tsr by 1.01 with replica exchange True
Time 1000.00 swap btwn source 1.01 and target 0.99 accept 1.000 std 0.993
Time 975.98 swap btwn source 1.03 and target 0.99 accept 1.000 std 0.968
Time 887.74 swap btwn source 1.01 and target 0.99 accept 1.000 std 0.894
Time 851.33 swap btwn source 1.03 and target 0.99 accept 1.000 std 0.870
Time 710.47 swap btwn source 1.01 and target 0.99 accept 1.000 std 0.824
Time 648.86 swap btwn source 1.03 and target 0.99 accept 0.999 std 0.829
 We tsr by 1.05 with replica exchange True
Time 1000.00 swap btwn source 1.05 and target 0.95 accept 1.000 std 1.013
Time 975.98 swap btwn source 1.15 and target 0.95 accept 0.999 std 0.987
Time 887.74 swap btwn source 1.05 and target 0.95 accept 0.995 std 0.913
Time 851.33 swap btwn source 1.15 and target 0.95 accept 0.999 std 0.889
Time 710.47 swap btwn source 1.05 and target 0.95 accept 0.999 std 0.841
Time 648.86 swap btwn source 1.15 and target 0.95 accept 0.995 std 0.844
 We tsr by 1.10 with replica exchange False
 We tsr by 1.01 with replica exchange False
 We tsr by 1.05 with replica exchange False
 We tsr by 1.10 with replica exchange True
Time 1000.00 swap btwn source 1.10 and target 0.90 accept 1.000 std 1.037
Time 975.98 swap btwn source 1.30 and target 0.90 accept 0.999 std 1.014
Time 887.74 swap btwn source 1.10 and target 0.90 accept 0.982 std 0.933
Time 851.33 swap btwn source 1.30 and target 0.90 accept 0.998 std 0.903
Time 710.47 swap btwn source 1.10 and target 0.90 accept 0.994 std 0.813
Time 648.86 swap btwn source 1.30 and target 0.90 accept 0.986 std 0.789
 We tsr by 1.01 with replica exchange True
